timestamp,host,ue_container,achieved_mbps,rtt_ms
2026-09-26 15:10:04,pc3,rfsim5g-end-ue-17,,120.00
2026-09-26 15:10:04,pc3,rfsim5g-end-ue-9,,87.30
2026-09-26 15:10:04,pc3,rfsim5g-end-ue-10,,87.50
2026-09-26 15:10:04,pc3,rfsim5g-end-ue-11,,83.10
2026-09-26 15:10:04,pc3,rfsim5g-end-ue-12,,84.70
2026-09-26 15:10:04,pc3,rfsim5g-end-ue-13,,50.60
2026-09-26 15:10:04,pc3,rfsim5g-end-ue-14,,91.20
2026-09-26 15:10:04,pc3,rfsim5g-end-ue-15,,81.70
2026-09-26 15:10:04,pc3,rfsim5g-end-ue-16,,92.50
2026-09-26 15:10:09,pc3,rfsim5g-end-ue-17,2.10,210.00
2026-09-26 15:10:09,pc3,rfsim5g-end-ue-9,,270.00
2026-09-26 15:10:09,pc3,rfsim5g-end-ue-10,,271.00
2026-09-26 15:10:09,pc3,rfsim5g-end-ue-11,,327.00
2026-09-26 15:10:09,pc3,rfsim5g-end-ue-12,,323.00
2026-09-26 15:10:09,pc3,rfsim5g-end-ue-13,,187.00
2026-09-26 15:10:09,pc3,rfsim5g-end-ue-14,,185.00
2026-09-26 15:10:09,pc3,rfsim5g-end-ue-15,,186.00
2026-09-26 15:10:09,pc3,rfsim5g-end-ue-16,,185.00
2026-09-26 15:10:15,pc3,rfsim5g-end-ue-17,4.19,140.00
2026-09-26 15:10:15,pc3,rfsim5g-end-ue-9,3.15,63.00
2026-09-26 15:10:15,pc3,rfsim5g-end-ue-10,1.05,130.00
2026-09-26 15:10:15,pc3,rfsim5g-end-ue-11,1.05,71.70
2026-09-26 15:10:15,pc3,rfsim5g-end-ue-12,1.05,135.00
2026-09-26 15:10:15,pc3,rfsim5g-end-ue-13,,22.00
2026-09-26 15:10:15,pc3,rfsim5g-end-ue-14,,91.60
2026-09-26 15:10:15,pc3,rfsim5g-end-ue-15,,84.50
2026-09-26 15:10:15,pc3,rfsim5g-end-ue-16,,113.00
2026-09-26 15:10:20,pc3,rfsim5g-end-ue-17,3.15,188.00
2026-09-26 15:10:20,pc3,rfsim5g-end-ue-9,3.15,80.10
2026-09-26 15:10:20,pc3,rfsim5g-end-ue-10,1.05,72.80
2026-09-26 15:10:20,pc3,rfsim5g-end-ue-11,0.00,88.70
2026-09-26 15:10:20,pc3,rfsim5g-end-ue-12,1.05,88.80
2026-09-26 15:10:20,pc3,rfsim5g-end-ue-13,2.10,144.00
2026-09-26 15:10:20,pc3,rfsim5g-end-ue-14,2.09,168.00
2026-09-26 15:10:20,pc3,rfsim5g-end-ue-15,0.00,464.00
2026-09-26 15:10:20,pc3,rfsim5g-end-ue-16,,442.00
2026-09-26 15:10:26,pc3,rfsim5g-end-ue-17,3.15,145.00
2026-09-26 15:10:26,pc3,rfsim5g-end-ue-9,3.15,68.40
2026-09-26 15:10:26,pc3,rfsim5g-end-ue-10,1.04,150.00
2026-09-26 15:10:26,pc3,rfsim5g-end-ue-11,1.05,143.00
2026-09-26 15:10:26,pc3,rfsim5g-end-ue-12,1.04,107.00
2026-09-26 15:10:26,pc3,rfsim5g-end-ue-13,2.10,142.00
2026-09-26 15:10:26,pc3,rfsim5g-end-ue-14,2.10,140.00
2026-09-26 15:10:26,pc3,rfsim5g-end-ue-15,2.08,195.00
2026-09-26 15:10:26,pc3,rfsim5g-end-ue-16,3.15,152.00
2026-09-26 15:10:31,pc3,rfsim5g-end-ue-17,3.15,94.30
2026-09-26 15:10:31,pc3,rfsim5g-end-ue-9,3.15,101.00
2026-09-26 15:10:31,pc3,rfsim5g-end-ue-10,0.00,106.00
2026-09-26 15:10:31,pc3,rfsim5g-end-ue-11,1.05,96.40
2026-09-26 15:10:31,pc3,rfsim5g-end-ue-12,1.05,113.00
2026-09-26 15:10:31,pc3,rfsim5g-end-ue-13,2.10,110.00
2026-09-26 15:10:31,pc3,rfsim5g-end-ue-14,2.10,89.60
2026-09-26 15:10:31,pc3,rfsim5g-end-ue-15,2.10,144.00
2026-09-26 15:10:31,pc3,rfsim5g-end-ue-16,3.15,108.00
2026-09-26 15:10:36,pc3,rfsim5g-end-ue-17,3.15,141.00
2026-09-26 15:10:36,pc3,rfsim5g-end-ue-9,3.15,28.40
2026-09-26 15:10:36,pc3,rfsim5g-end-ue-10,1.05,89.10
2026-09-26 15:10:36,pc3,rfsim5g-end-ue-11,1.05,79.20
2026-09-26 15:10:36,pc3,rfsim5g-end-ue-12,1.05,58.30
2026-09-26 15:10:36,pc3,rfsim5g-end-ue-13,1.05,27.90
2026-09-26 15:10:36,pc3,rfsim5g-end-ue-14,2.10,120.00
2026-09-26 15:10:36,pc3,rfsim5g-end-ue-15,2.10,117.00
2026-09-26 15:10:36,pc3,rfsim5g-end-ue-16,3.15,25.70
2026-09-26 15:10:42,pc3,rfsim5g-end-ue-17,3.15,85.70
2026-09-26 15:10:42,pc3,rfsim5g-end-ue-9,4.19,63.50
2026-09-26 15:10:42,pc3,rfsim5g-end-ue-10,1.05,84.00
2026-09-26 15:10:42,pc3,rfsim5g-end-ue-11,0.00,81.00
2026-09-26 15:10:42,pc3,rfsim5g-end-ue-12,1.05,83.00
2026-09-26 15:10:42,pc3,rfsim5g-end-ue-13,2.10,65.20
2026-09-26 15:10:42,pc3,rfsim5g-end-ue-14,2.10,75.40
2026-09-26 15:10:42,pc3,rfsim5g-end-ue-15,2.10,63.60
2026-09-26 15:10:42,pc3,rfsim5g-end-ue-16,3.15,56.30
2026-09-26 15:10:47,pc3,rfsim5g-end-ue-17,3.17,123.00
2026-09-26 15:10:47,pc3,rfsim5g-end-ue-9,3.15,45.80
2026-09-26 15:10:47,pc3,rfsim5g-end-ue-10,1.05,87.70
2026-09-26 15:10:47,pc3,rfsim5g-end-ue-11,1.05,82.80
2026-09-26 15:10:47,pc3,rfsim5g-end-ue-12,0.00,54.50
2026-09-26 15:10:47,pc3,rfsim5g-end-ue-13,2.10,76.70
2026-09-26 15:10:47,pc3,rfsim5g-end-ue-14,1.05,76.80
2026-09-26 15:10:47,pc3,rfsim5g-end-ue-15,2.10,80.30
2026-09-26 15:10:47,pc3,rfsim5g-end-ue-16,3.15,75.40
2026-09-26 15:10:52,pc3,rfsim5g-end-ue-17,3.15,93.00
2026-09-26 15:10:52,pc3,rfsim5g-end-ue-9,3.15,79.40
2026-09-26 15:10:52,pc3,rfsim5g-end-ue-10,0.00,80.70
2026-09-26 15:10:52,pc3,rfsim5g-end-ue-11,1.05,90.40
2026-09-26 15:10:52,pc3,rfsim5g-end-ue-12,1.05,84.60
2026-09-26 15:10:52,pc3,rfsim5g-end-ue-13,2.10,67.00
2026-09-26 15:10:52,pc3,rfsim5g-end-ue-14,2.10,90.60
2026-09-26 15:10:52,pc3,rfsim5g-end-ue-15,2.10,80.50
2026-09-26 15:10:52,pc3,rfsim5g-end-ue-16,3.15,55.60
2026-09-26 15:10:57,pc3,rfsim5g-end-ue-17,3.15,90.50
2026-09-26 15:10:57,pc3,rfsim5g-end-ue-9,3.15,30.80
2026-09-26 15:10:57,pc3,rfsim5g-end-ue-10,1.05,85.50
2026-09-26 15:10:57,pc3,rfsim5g-end-ue-11,1.05,93.70
2026-09-26 15:10:57,pc3,rfsim5g-end-ue-12,1.05,94.30
2026-09-26 15:10:57,pc3,rfsim5g-end-ue-13,2.10,73.20
2026-09-26 15:10:57,pc3,rfsim5g-end-ue-14,1.05,84.90
2026-09-26 15:10:57,pc3,rfsim5g-end-ue-15,2.09,91.00
2026-09-26 15:10:57,pc3,rfsim5g-end-ue-16,3.15,72.90
2026-09-26 15:11:03,pc3,rfsim5g-end-ue-17,3.15,105.00
2026-09-26 15:11:03,pc3,rfsim5g-end-ue-9,2.10,30.60
2026-09-26 15:11:03,pc3,rfsim5g-end-ue-10,1.05,104.00
2026-09-26 15:11:03,pc3,rfsim5g-end-ue-11,0.00,88.70
2026-09-26 15:11:03,pc3,rfsim5g-end-ue-12,1.05,52.80
2026-09-26 15:11:03,pc3,rfsim5g-end-ue-13,2.10,81.20
2026-09-26 15:11:03,pc3,rfsim5g-end-ue-14,2.10,82.50
2026-09-26 15:11:03,pc3,rfsim5g-end-ue-15,2.10,83.30
2026-09-26 15:11:03,pc3,rfsim5g-end-ue-16,3.15,82.30
2026-09-26 15:11:08,pc3,rfsim5g-end-ue-17,3.15,163.00
2026-09-26 15:11:08,pc3,rfsim5g-end-ue-9,3.15,82.40
2026-09-26 15:11:08,pc3,rfsim5g-end-ue-10,1.05,120.00
2026-09-26 15:11:08,pc3,rfsim5g-end-ue-11,1.05,118.00
2026-09-26 15:11:08,pc3,rfsim5g-end-ue-12,0.00,114.00
2026-09-26 15:11:08,pc3,rfsim5g-end-ue-13,2.10,55.40
2026-09-26 15:11:08,pc3,rfsim5g-end-ue-14,2.10,97.40
2026-09-26 15:11:08,pc3,rfsim5g-end-ue-15,2.10,69.30
2026-09-26 15:11:08,pc3,rfsim5g-end-ue-16,3.15,69.00
2026-09-26 15:11:13,pc3,rfsim5g-end-ue-17,2.10,157.00
2026-09-26 15:11:13,pc3,rfsim5g-end-ue-9,3.15,216.00
2026-09-26 15:11:13,pc3,rfsim5g-end-ue-10,0.00,92.60
2026-09-26 15:11:13,pc3,rfsim5g-end-ue-11,1.05,90.10
2026-09-26 15:11:13,pc3,rfsim5g-end-ue-12,1.05,84.70
2026-09-26 15:11:13,pc3,rfsim5g-end-ue-13,2.10,82.90
2026-09-26 15:11:13,pc3,rfsim5g-end-ue-14,2.10,43.60
2026-09-26 15:11:13,pc3,rfsim5g-end-ue-15,2.10,63.60
2026-09-26 15:11:13,pc3,rfsim5g-end-ue-16,3.15,129.00
2026-09-26 15:11:19,pc3,rfsim5g-end-ue-17,3.15,144.00
2026-09-26 15:11:19,pc3,rfsim5g-end-ue-9,3.15,40.20
2026-09-26 15:11:19,pc3,rfsim5g-end-ue-10,1.05,88.90
2026-09-26 15:11:19,pc3,rfsim5g-end-ue-11,1.05,81.90
2026-09-26 15:11:19,pc3,rfsim5g-end-ue-12,1.05,111.00
2026-09-26 15:11:19,pc3,rfsim5g-end-ue-13,2.10,27.00
2026-09-26 15:11:19,pc3,rfsim5g-end-ue-14,1.05,82.00
2026-09-26 15:11:19,pc3,rfsim5g-end-ue-15,2.10,118.00
2026-09-26 15:11:19,pc3,rfsim5g-end-ue-16,3.14,135.00
2026-09-26 15:11:24,pc3,rfsim5g-end-ue-17,3.14,125.00
2026-09-26 15:11:24,pc3,rfsim5g-end-ue-9,3.15,24.10
2026-09-26 15:11:24,pc3,rfsim5g-end-ue-10,1.05,80.90
2026-09-26 15:11:24,pc3,rfsim5g-end-ue-11,0.00,102.00
2026-09-26 15:11:24,pc3,rfsim5g-end-ue-12,1.05,87.80
2026-09-26 15:11:24,pc3,rfsim5g-end-ue-13,2.10,110.00
2026-09-26 15:11:24,pc3,rfsim5g-end-ue-14,2.10,107.00
2026-09-26 15:11:24,pc3,rfsim5g-end-ue-15,2.09,98.50
2026-09-26 15:11:24,pc3,rfsim5g-end-ue-16,3.14,110.00
2026-09-26 15:11:29,pc3,rfsim5g-end-ue-17,3.15,131.00
2026-09-26 15:11:29,pc3,rfsim5g-end-ue-9,3.15,56.50
2026-09-26 15:11:29,pc3,rfsim5g-end-ue-10,1.05,83.20
2026-09-26 15:11:29,pc3,rfsim5g-end-ue-11,1.05,46.80
2026-09-26 15:11:29,pc3,rfsim5g-end-ue-12,0.00,80.40
2026-09-26 15:11:29,pc3,rfsim5g-end-ue-13,2.10,63.50
2026-09-26 15:11:29,pc3,rfsim5g-end-ue-14,1.05,87.60
2026-09-26 15:11:29,pc3,rfsim5g-end-ue-15,2.10,64.30
2026-09-26 15:11:29,pc3,rfsim5g-end-ue-16,2.10,67.80
2026-09-26 15:11:35,pc3,rfsim5g-end-ue-17,4.19,119.00
2026-09-26 15:11:35,pc3,rfsim5g-end-ue-9,3.14,64.60
2026-09-26 15:11:35,pc3,rfsim5g-end-ue-10,0.00,139.00
2026-09-26 15:11:35,pc3,rfsim5g-end-ue-11,1.05,99.70
2026-09-26 15:11:35,pc3,rfsim5g-end-ue-12,1.05,127.00
2026-09-26 15:11:35,pc3,rfsim5g-end-ue-13,2.10,59.40
2026-09-26 15:11:35,pc3,rfsim5g-end-ue-14,2.10,61.50
2026-09-26 15:11:35,pc3,rfsim5g-end-ue-15,2.10,58.20
2026-09-26 15:11:35,pc3,rfsim5g-end-ue-16,3.15,63.40
2026-09-26 15:11:40,pc3,rfsim5g-end-ue-17,3.14,121.00
2026-09-26 15:11:40,pc3,rfsim5g-end-ue-9,4.19,57.10
2026-09-26 15:11:40,pc3,rfsim5g-end-ue-10,1.05,124.00
2026-09-26 15:11:40,pc3,rfsim5g-end-ue-11,1.05,94.80
2026-09-26 15:11:40,pc3,rfsim5g-end-ue-12,1.05,120.00
2026-09-26 15:11:40,pc3,rfsim5g-end-ue-13,2.10,71.80
2026-09-26 15:11:40,pc3,rfsim5g-end-ue-14,2.10,74.40
2026-09-26 15:11:40,pc3,rfsim5g-end-ue-15,2.10,95.90
2026-09-26 15:11:40,pc3,rfsim5g-end-ue-16,3.15,63.70
2026-09-26 15:11:45,pc3,rfsim5g-end-ue-17,3.14,116.00
2026-09-26 15:11:45,pc3,rfsim5g-end-ue-9,3.15,62.50
2026-09-26 15:11:45,pc3,rfsim5g-end-ue-10,1.05,84.10
2026-09-26 15:11:45,pc3,rfsim5g-end-ue-11,0.00,85.50
2026-09-26 15:11:45,pc3,rfsim5g-end-ue-12,1.05,104.00
2026-09-26 15:11:45,pc3,rfsim5g-end-ue-13,2.10,77.50
2026-09-26 15:11:45,pc3,rfsim5g-end-ue-14,2.10,83.20
2026-09-26 15:11:45,pc3,rfsim5g-end-ue-15,2.10,84.00
2026-09-26 15:11:45,pc3,rfsim5g-end-ue-16,3.14,79.10
2026-09-26 15:11:50,pc3,rfsim5g-end-ue-17,3.15,132.00
2026-09-26 15:11:50,pc3,rfsim5g-end-ue-9,3.15,22.00
2026-09-26 15:11:50,pc3,rfsim5g-end-ue-10,1.05,89.20
2026-09-26 15:11:50,pc3,rfsim5g-end-ue-11,1.05,91.90
2026-09-26 15:11:50,pc3,rfsim5g-end-ue-12,0.00,83.00
2026-09-26 15:11:50,pc3,rfsim5g-end-ue-13,2.09,92.10
2026-09-26 15:11:50,pc3,rfsim5g-end-ue-14,2.10,115.00
2026-09-26 15:11:50,pc3,rfsim5g-end-ue-15,1.05,83.50
2026-09-26 15:11:50,pc3,rfsim5g-end-ue-16,3.15,90.90
2026-09-26 15:11:55,pc3,rfsim5g-end-ue-17,3.15,133.00
2026-09-26 15:11:55,pc3,rfsim5g-end-ue-9,3.15,61.70
2026-09-26 15:11:55,pc3,rfsim5g-end-ue-10,0.00,86.60
2026-09-26 15:11:55,pc3,rfsim5g-end-ue-11,1.05,99.00
2026-09-26 15:11:55,pc3,rfsim5g-end-ue-12,1.05,102.00
2026-09-26 15:11:55,pc3,rfsim5g-end-ue-13,2.10,81.40
2026-09-26 15:11:55,pc3,rfsim5g-end-ue-14,2.10,85.40
2026-09-26 15:11:55,pc3,rfsim5g-end-ue-15,2.10,85.60
2026-09-26 15:11:55,pc3,rfsim5g-end-ue-16,3.15,85.40
2026-09-26 15:12:01,pc3,rfsim5g-end-ue-17,3.15,117.00
2026-09-26 15:12:01,pc3,rfsim5g-end-ue-9,4.19,64.00
2026-09-26 15:12:01,pc3,rfsim5g-end-ue-10,1.05,122.00
2026-09-26 15:12:01,pc3,rfsim5g-end-ue-11,1.05,85.70
2026-09-26 15:12:01,pc3,rfsim5g-end-ue-12,1.05,101.00
2026-09-26 15:12:01,pc3,rfsim5g-end-ue-13,2.10,69.10
2026-09-26 15:12:01,pc3,rfsim5g-end-ue-14,2.10,71.70
2026-09-26 15:12:01,pc3,rfsim5g-end-ue-15,2.10,64.30
2026-09-26 15:12:01,pc3,rfsim5g-end-ue-16,3.14,70.20
2026-09-26 15:12:06,pc3,rfsim5g-end-ue-17,3.15,131.00
2026-09-26 15:12:06,pc3,rfsim5g-end-ue-9,3.15,64.70
2026-09-26 15:12:06,pc3,rfsim5g-end-ue-10,1.05,89.00
2026-09-26 15:12:06,pc3,rfsim5g-end-ue-11,0.00,83.40
2026-09-26 15:12:06,pc3,rfsim5g-end-ue-12,1.05,86.00
2026-09-26 15:12:06,pc3,rfsim5g-end-ue-13,2.10,58.60
2026-09-26 15:12:06,pc3,rfsim5g-end-ue-14,2.10,77.20
2026-09-26 15:12:06,pc3,rfsim5g-end-ue-15,2.10,208.00
2026-09-26 15:12:06,pc3,rfsim5g-end-ue-16,3.15,58.40
2026-09-26 15:12:11,pc3,rfsim5g-end-ue-17,3.15,93.00
2026-09-26 15:12:11,pc3,rfsim5g-end-ue-9,3.14,168.00
2026-09-26 15:12:11,pc3,rfsim5g-end-ue-10,1.05,60.40
2026-09-26 15:12:11,pc3,rfsim5g-end-ue-11,1.05,86.60
2026-09-26 15:12:11,pc3,rfsim5g-end-ue-12,0.00,68.70
2026-09-26 15:12:11,pc3,rfsim5g-end-ue-13,3.15,128.00
2026-09-26 15:12:11,pc3,rfsim5g-end-ue-14,2.10,116.00
2026-09-26 15:12:11,pc3,rfsim5g-end-ue-15,1.05,126.00
2026-09-26 15:12:11,pc3,rfsim5g-end-ue-16,3.15,130.00
2026-09-26 15:12:17,pc3,rfsim5g-end-ue-17,3.14,147.00
2026-09-26 15:12:17,pc3,rfsim5g-end-ue-9,3.15,150.00
2026-09-26 15:12:17,pc3,rfsim5g-end-ue-10,0.00,88.80
2026-09-26 15:12:17,pc3,rfsim5g-end-ue-11,1.05,98.50
2026-09-26 15:12:17,pc3,rfsim5g-end-ue-12,1.05,84.60
2026-09-26 15:12:17,pc3,rfsim5g-end-ue-13,2.10,88.40
2026-09-26 15:12:17,pc3,rfsim5g-end-ue-14,2.10,86.00
2026-09-26 15:12:17,pc3,rfsim5g-end-ue-15,2.10,96.20
2026-09-26 15:12:17,pc3,rfsim5g-end-ue-16,3.15,89.10
2026-09-26 15:12:22,pc3,rfsim5g-end-ue-17,3.15,149.00
2026-09-26 15:12:22,pc3,rfsim5g-end-ue-9,3.15,158.00
2026-09-26 15:12:22,pc3,rfsim5g-end-ue-10,1.05,106.00
2026-09-26 15:12:22,pc3,rfsim5g-end-ue-11,1.05,53.80
2026-09-26 15:12:22,pc3,rfsim5g-end-ue-12,1.05,52.60
2026-09-26 15:12:22,pc3,rfsim5g-end-ue-13,2.10,121.00
2026-09-26 15:12:22,pc3,rfsim5g-end-ue-14,2.10,115.00
2026-09-26 15:12:22,pc3,rfsim5g-end-ue-15,2.10,99.70
2026-09-26 15:12:22,pc3,rfsim5g-end-ue-16,3.14,118.00
2026-09-26 15:12:27,pc3,rfsim5g-end-ue-17,3.15,135.00
2026-09-26 15:12:27,pc3,rfsim5g-end-ue-9,3.15,76.80
2026-09-26 15:12:27,pc3,rfsim5g-end-ue-10,1.05,91.80
2026-09-26 15:12:27,pc3,rfsim5g-end-ue-11,1.05,69.60
2026-09-26 15:12:27,pc3,rfsim5g-end-ue-12,1.05,84.00
2026-09-26 15:12:27,pc3,rfsim5g-end-ue-13,2.10,110.00
2026-09-26 15:12:27,pc3,rfsim5g-end-ue-14,2.10,115.00
2026-09-26 15:12:27,pc3,rfsim5g-end-ue-15,2.10,83.70
2026-09-26 15:12:27,pc3,rfsim5g-end-ue-16,3.15,78.30
2026-09-26 15:12:32,pc3,rfsim5g-end-ue-17,2.10,
2026-09-26 15:12:32,pc3,rfsim5g-end-ue-9,0.00,83.30
2026-09-26 15:12:32,pc3,rfsim5g-end-ue-10,1.05,89.10
2026-09-26 15:12:32,pc3,rfsim5g-end-ue-11,1.05,80.90
2026-09-26 15:12:32,pc3,rfsim5g-end-ue-12,2.10,85.50
2026-09-26 15:12:32,pc3,rfsim5g-end-ue-13,1.05,176.00
2026-09-26 15:12:32,pc3,rfsim5g-end-ue-14,2.10,158.00
2026-09-26 15:12:32,pc3,rfsim5g-end-ue-15,,144.00
2026-09-26 15:12:32,pc3,rfsim5g-end-ue-16,3.15,147.00
2026-09-26 15:12:39,pc3,rfsim5g-end-ue-17,4.18,
2026-09-26 15:12:39,pc3,rfsim5g-end-ue-9,1.05,49.10
2026-09-26 15:12:39,pc3,rfsim5g-end-ue-10,1.05,90.90
2026-09-26 15:12:39,pc3,rfsim5g-end-ue-11,0.00,498.00
2026-09-26 15:12:39,pc3,rfsim5g-end-ue-12,1.05,57.10
2026-09-26 15:12:39,pc3,rfsim5g-end-ue-13,2.10,89.30
2026-09-26 15:12:39,pc3,rfsim5g-end-ue-14,1.05,
2026-09-26 15:12:39,pc3,rfsim5g-end-ue-15,3.15,97.30
2026-09-26 15:12:39,pc3,rfsim5g-end-ue-16,3.15,101.00
2026-09-26 15:12:45,pc3,rfsim5g-end-ue-17,3.15,290.00
2026-09-26 15:12:45,pc3,rfsim5g-end-ue-9,1.05,47.40
2026-09-26 15:12:45,pc3,rfsim5g-end-ue-10,1.05,92.00
2026-09-26 15:12:45,pc3,rfsim5g-end-ue-11,1.05,88.40
2026-09-26 15:12:45,pc3,rfsim5g-end-ue-12,2.10,77.70
2026-09-26 15:12:45,pc3,rfsim5g-end-ue-13,2.10,164.00
2026-09-26 15:12:45,pc3,rfsim5g-end-ue-14,2.10,298.00
2026-09-26 15:12:45,pc3,rfsim5g-end-ue-15,3.15,170.00
2026-09-26 15:12:45,pc3,rfsim5g-end-ue-16,3.15,184.00
2026-09-26 15:12:50,pc3,rfsim5g-end-ue-17,3.15,118.00
2026-09-26 15:12:50,pc3,rfsim5g-end-ue-9,1.05,86.20
2026-09-26 15:12:50,pc3,rfsim5g-end-ue-10,0.00,71.30
2026-09-26 15:12:50,pc3,rfsim5g-end-ue-11,1.05,83.90
2026-09-26 15:12:50,pc3,rfsim5g-end-ue-12,2.10,58.70
2026-09-26 15:12:50,pc3,rfsim5g-end-ue-13,2.10,92.40
2026-09-26 15:12:50,pc3,rfsim5g-end-ue-14,2.10,75.30
2026-09-26 15:12:50,pc3,rfsim5g-end-ue-15,3.15,64.50
2026-09-26 15:12:50,pc3,rfsim5g-end-ue-16,3.15,65.70
2026-09-26 15:12:56,pc3,rfsim5g-end-ue-17,3.15,83.70
2026-09-26 15:12:56,pc3,rfsim5g-end-ue-9,1.05,92.10
2026-09-26 15:12:56,pc3,rfsim5g-end-ue-10,1.05,83.00
2026-09-26 15:12:56,pc3,rfsim5g-end-ue-11,1.05,89.10
2026-09-26 15:12:56,pc3,rfsim5g-end-ue-12,2.11,59.90
2026-09-26 15:12:56,pc3,rfsim5g-end-ue-13,2.10,79.40
2026-09-26 15:12:56,pc3,rfsim5g-end-ue-14,2.09,50.10
2026-09-26 15:12:56,pc3,rfsim5g-end-ue-15,3.14,68.10
2026-09-26 15:12:56,pc3,rfsim5g-end-ue-16,3.15,23.50
2026-09-26 15:13:01,pc3,rfsim5g-end-ue-17,3.14,78.70
2026-09-26 15:13:01,pc3,rfsim5g-end-ue-9,0.00,89.10
2026-09-26 15:13:01,pc3,rfsim5g-end-ue-10,1.05,87.60
2026-09-26 15:13:01,pc3,rfsim5g-end-ue-11,0.00,85.60
2026-09-26 15:13:01,pc3,rfsim5g-end-ue-12,2.10,60.20
2026-09-26 15:13:01,pc3,rfsim5g-end-ue-13,2.10,94.60
2026-09-26 15:13:01,pc3,rfsim5g-end-ue-14,2.10,28.00
2026-09-26 15:13:01,pc3,rfsim5g-end-ue-15,4.19,65.80
2026-09-26 15:13:01,pc3,rfsim5g-end-ue-16,3.15,34.70
2026-09-26 15:13:06,pc3,rfsim5g-end-ue-17,3.14,143.00
2026-09-26 15:13:06,pc3,rfsim5g-end-ue-9,1.05,88.20
2026-09-26 15:13:06,pc3,rfsim5g-end-ue-10,1.05,90.60
2026-09-26 15:13:06,pc3,rfsim5g-end-ue-11,1.05,85.80
2026-09-26 15:13:06,pc3,rfsim5g-end-ue-12,2.10,60.10
2026-09-26 15:13:06,pc3,rfsim5g-end-ue-13,2.10,75.30
2026-09-26 15:13:06,pc3,rfsim5g-end-ue-14,2.10,72.40
2026-09-26 15:13:06,pc3,rfsim5g-end-ue-15,3.15,69.30
2026-09-26 15:13:06,pc3,rfsim5g-end-ue-16,3.15,60.60
2026-09-26 15:13:11,pc3,rfsim5g-end-ue-17,3.15,127.00
2026-09-26 15:13:11,pc3,rfsim5g-end-ue-9,1.05,83.60
2026-09-26 15:13:11,pc3,rfsim5g-end-ue-10,0.00,85.20
2026-09-26 15:13:11,pc3,rfsim5g-end-ue-11,1.05,84.60
2026-09-26 15:13:11,pc3,rfsim5g-end-ue-12,2.10,60.10
2026-09-26 15:13:11,pc3,rfsim5g-end-ue-13,2.10,65.30
2026-09-26 15:13:11,pc3,rfsim5g-end-ue-14,2.10,128.00
2026-09-26 15:13:11,pc3,rfsim5g-end-ue-15,3.15,116.00
2026-09-26 15:13:11,pc3,rfsim5g-end-ue-16,3.15,67.70
2026-09-26 15:13:17,pc3,rfsim5g-end-ue-17,3.15,92.40
2026-09-26 15:13:17,pc3,rfsim5g-end-ue-9,1.05,85.50
2026-09-26 15:13:17,pc3,rfsim5g-end-ue-10,1.05,84.30
2026-09-26 15:13:17,pc3,rfsim5g-end-ue-11,1.05,85.10
2026-09-26 15:13:17,pc3,rfsim5g-end-ue-12,2.10,64.30
2026-09-26 15:13:17,pc3,rfsim5g-end-ue-13,1.05,116.00
2026-09-26 15:13:17,pc3,rfsim5g-end-ue-14,2.10,77.70
2026-09-26 15:13:17,pc3,rfsim5g-end-ue-15,3.16,77.80
2026-09-26 15:13:17,pc3,rfsim5g-end-ue-16,3.14,74.60
2026-09-26 15:13:22,pc3,rfsim5g-end-ue-17,4.19,246.00
2026-09-26 15:13:22,pc3,rfsim5g-end-ue-9,0.00,81.80
2026-09-26 15:13:22,pc3,rfsim5g-end-ue-10,1.05,89.20
2026-09-26 15:13:22,pc3,rfsim5g-end-ue-11,0.00,85.90
2026-09-26 15:13:22,pc3,rfsim5g-end-ue-12,2.10,61.90
2026-09-26 15:13:22,pc3,rfsim5g-end-ue-13,2.10,113.00
2026-09-26 15:13:22,pc3,rfsim5g-end-ue-14,2.10,129.00
2026-09-26 15:13:22,pc3,rfsim5g-end-ue-15,3.15,110.00
2026-09-26 15:13:22,pc3,rfsim5g-end-ue-16,3.14,112.00
2026-09-26 15:13:27,pc3,rfsim5g-end-ue-17,3.14,157.00
2026-09-26 15:13:27,pc3,rfsim5g-end-ue-9,0.00,93.60
2026-09-26 15:13:27,pc3,rfsim5g-end-ue-10,1.05,82.40
2026-09-26 15:13:27,pc3,rfsim5g-end-ue-11,1.05,114.00
2026-09-26 15:13:27,pc3,rfsim5g-end-ue-12,2.10,84.00
2026-09-26 15:13:27,pc3,rfsim5g-end-ue-13,2.10,177.00
2026-09-26 15:13:27,pc3,rfsim5g-end-ue-14,1.05,157.00
2026-09-26 15:13:27,pc3,rfsim5g-end-ue-15,3.14,160.00
2026-09-26 15:13:27,pc3,rfsim5g-end-ue-16,3.15,175.00
2026-09-26 15:13:33,pc3,rfsim5g-end-ue-17,3.15,115.00
2026-09-26 15:13:33,pc3,rfsim5g-end-ue-9,1.05,101.00
2026-09-26 15:13:33,pc3,rfsim5g-end-ue-10,0.00,102.00
2026-09-26 15:13:33,pc3,rfsim5g-end-ue-11,1.05,113.00
2026-09-26 15:13:33,pc3,rfsim5g-end-ue-12,1.05,50.30
2026-09-26 15:13:33,pc3,rfsim5g-end-ue-13,2.10,119.00
2026-09-26 15:13:33,pc3,rfsim5g-end-ue-14,2.10,245.00
2026-09-26 15:13:33,pc3,rfsim5g-end-ue-15,3.15,130.00
2026-09-26 15:13:33,pc3,rfsim5g-end-ue-16,3.15,118.00
2026-09-26 15:13:38,pc3,rfsim5g-end-ue-17,3.15,247.00
2026-09-26 15:13:38,pc3,rfsim5g-end-ue-9,1.05,84.90
2026-09-26 15:13:38,pc3,rfsim5g-end-ue-10,1.05,81.50
2026-09-26 15:13:38,pc3,rfsim5g-end-ue-11,1.05,56.00
2026-09-26 15:13:38,pc3,rfsim5g-end-ue-12,2.10,63.30
2026-09-26 15:13:38,pc3,rfsim5g-end-ue-13,1.05,129.00
2026-09-26 15:13:38,pc3,rfsim5g-end-ue-14,1.05,137.00
2026-09-26 15:13:38,pc3,rfsim5g-end-ue-15,3.15,123.00
2026-09-26 15:13:38,pc3,rfsim5g-end-ue-16,3.15,109.00
2026-09-26 15:13:43,pc3,rfsim5g-end-ue-17,3.15,72.00
2026-09-26 15:13:43,pc3,rfsim5g-end-ue-9,0.00,101.00
2026-09-26 15:13:43,pc3,rfsim5g-end-ue-10,1.05,98.30
2026-09-26 15:13:43,pc3,rfsim5g-end-ue-11,1.05,99.30
2026-09-26 15:13:43,pc3,rfsim5g-end-ue-12,1.05,73.90
2026-09-26 15:13:43,pc3,rfsim5g-end-ue-13,2.10,101.00
2026-09-26 15:13:43,pc3,rfsim5g-end-ue-14,2.10,66.00
2026-09-26 15:13:43,pc3,rfsim5g-end-ue-15,3.15,64.90
2026-09-26 15:13:43,pc3,rfsim5g-end-ue-16,4.19,64.80
2026-09-26 15:13:49,pc3,rfsim5g-end-ue-17,3.15,149.00
2026-09-26 15:13:49,pc3,rfsim5g-end-ue-9,0.00,80.70
2026-09-26 15:13:49,pc3,rfsim5g-end-ue-10,1.05,69.50
2026-09-26 15:13:49,pc3,rfsim5g-end-ue-11,1.05,88.90
2026-09-26 15:13:49,pc3,rfsim5g-end-ue-12,2.10,35.10
2026-09-26 15:13:49,pc3,rfsim5g-end-ue-13,2.10,79.10
2026-09-26 15:13:49,pc3,rfsim5g-end-ue-14,1.05,82.40
2026-09-26 15:13:49,pc3,rfsim5g-end-ue-15,3.15,75.70
2026-09-26 15:13:49,pc3,rfsim5g-end-ue-16,3.15,59.40
2026-09-26 15:13:54,pc3,rfsim5g-end-ue-17,2.10,268.00
2026-09-26 15:13:54,pc3,rfsim5g-end-ue-9,1.05,90.20
2026-09-26 15:13:54,pc3,rfsim5g-end-ue-10,1.05,59.50
2026-09-26 15:13:54,pc3,rfsim5g-end-ue-11,1.05,53.90
2026-09-26 15:13:54,pc3,rfsim5g-end-ue-12,1.05,83.60
2026-09-26 15:13:54,pc3,rfsim5g-end-ue-13,2.10,114.00
2026-09-26 15:13:54,pc3,rfsim5g-end-ue-14,2.10,119.00
2026-09-26 15:13:54,pc3,rfsim5g-end-ue-15,3.15,114.00
2026-09-26 15:13:54,pc3,rfsim5g-end-ue-16,3.15,87.70
2026-09-26 15:13:59,pc3,rfsim5g-end-ue-17,4.19,107.00
2026-09-26 15:13:59,pc3,rfsim5g-end-ue-9,1.05,102.00
2026-09-26 15:13:59,pc3,rfsim5g-end-ue-10,1.05,89.10
2026-09-26 15:13:59,pc3,rfsim5g-end-ue-11,0.00,84.90
2026-09-26 15:13:59,pc3,rfsim5g-end-ue-12,2.10,78.00
2026-09-26 15:13:59,pc3,rfsim5g-end-ue-13,2.10,106.00
2026-09-26 15:13:59,pc3,rfsim5g-end-ue-14,1.05,127.00
2026-09-26 15:13:59,pc3,rfsim5g-end-ue-15,3.15,43.80
2026-09-26 15:13:59,pc3,rfsim5g-end-ue-16,3.15,40.20
2026-09-26 15:14:05,pc3,rfsim5g-end-ue-17,3.15,58.80
2026-09-26 15:14:05,pc3,rfsim5g-end-ue-9,1.05,80.50
2026-09-26 15:14:05,pc3,rfsim5g-end-ue-10,1.05,55.70
2026-09-26 15:14:05,pc3,rfsim5g-end-ue-11,0.00,91.40
2026-09-26 15:14:05,pc3,rfsim5g-end-ue-12,1.05,62.10
2026-09-26 15:14:05,pc3,rfsim5g-end-ue-13,2.10,60.70
2026-09-26 15:14:05,pc3,rfsim5g-end-ue-14,2.10,107.00
2026-09-26 15:14:05,pc3,rfsim5g-end-ue-15,3.15,59.20
2026-09-26 15:14:05,pc3,rfsim5g-end-ue-16,3.15,117.00
2026-09-26 15:14:10,pc3,rfsim5g-end-ue-17,3.15,231.00
2026-09-26 15:14:10,pc3,rfsim5g-end-ue-9,1.05,63.30
2026-09-26 15:14:10,pc3,rfsim5g-end-ue-10,0.00,88.50
2026-09-26 15:14:10,pc3,rfsim5g-end-ue-11,1.05,84.10
2026-09-26 15:14:10,pc3,rfsim5g-end-ue-12,2.10,58.80
2026-09-26 15:14:10,pc3,rfsim5g-end-ue-13,2.10,98.30
2026-09-26 15:14:10,pc3,rfsim5g-end-ue-14,2.10,84.00
2026-09-26 15:14:10,pc3,rfsim5g-end-ue-15,3.15,106.00
2026-09-26 15:14:10,pc3,rfsim5g-end-ue-16,3.15,107.00
2026-09-26 15:14:15,pc3,rfsim5g-end-ue-17,3.15,125.00
2026-09-26 15:14:15,pc3,rfsim5g-end-ue-9,1.05,111.00
2026-09-26 15:14:15,pc3,rfsim5g-end-ue-10,1.05,109.00
2026-09-26 15:14:15,pc3,rfsim5g-end-ue-11,1.05,93.80
2026-09-26 15:14:15,pc3,rfsim5g-end-ue-12,1.04,64.70
2026-09-26 15:14:15,pc3,rfsim5g-end-ue-13,2.10,133.00
2026-09-26 15:14:15,pc3,rfsim5g-end-ue-14,2.09,112.00
2026-09-26 15:14:15,pc3,rfsim5g-end-ue-15,3.14,131.00
2026-09-26 15:14:15,pc3,rfsim5g-end-ue-16,3.14,133.00
2026-09-26 15:14:21,pc3,rfsim5g-end-ue-17,3.15,395.00
2026-09-26 15:14:21,pc3,rfsim5g-end-ue-9,0.00,96.10
2026-09-26 15:14:21,pc3,rfsim5g-end-ue-10,1.05,102.00
2026-09-26 15:14:21,pc3,rfsim5g-end-ue-11,0.00,112.00
2026-09-26 15:14:21,pc3,rfsim5g-end-ue-12,2.10,66.90
2026-09-26 15:14:21,pc3,rfsim5g-end-ue-13,1.05,127.00
2026-09-26 15:14:21,pc3,rfsim5g-end-ue-14,2.10,132.00
2026-09-26 15:14:21,pc3,rfsim5g-end-ue-15,3.15,106.00
2026-09-26 15:14:21,pc3,rfsim5g-end-ue-16,2.09,110.00
2026-09-26 15:14:26,pc3,rfsim5g-end-ue-17,3.15,142.00
2026-09-26 15:14:26,pc3,rfsim5g-end-ue-9,1.05,87.10
2026-09-26 15:14:26,pc3,rfsim5g-end-ue-10,1.05,51.50
2026-09-26 15:14:26,pc3,rfsim5g-end-ue-11,1.05,94.40
2026-09-26 15:14:26,pc3,rfsim5g-end-ue-12,1.05,60.80
2026-09-26 15:14:26,pc3,rfsim5g-end-ue-13,2.10,140.00
2026-09-26 15:14:26,pc3,rfsim5g-end-ue-14,2.10,29.10
2026-09-26 15:14:26,pc3,rfsim5g-end-ue-15,3.14,138.00
2026-09-26 15:14:26,pc3,rfsim5g-end-ue-16,3.15,139.00
2026-09-26 15:14:32,pc3,rfsim5g-end-ue-17,3.14,66.70
2026-09-26 15:14:32,pc3,rfsim5g-end-ue-9,1.05,76.00
2026-09-26 15:14:32,pc3,rfsim5g-end-ue-10,0.00,93.10
2026-09-26 15:14:32,pc3,rfsim5g-end-ue-11,1.05,147.00
2026-09-26 15:14:32,pc3,rfsim5g-end-ue-12,2.09,62.30
2026-09-26 15:14:32,pc3,rfsim5g-end-ue-13,1.05,82.90
2026-09-26 15:14:32,pc3,rfsim5g-end-ue-14,2.09,69.30
2026-09-26 15:14:32,pc3,rfsim5g-end-ue-15,3.15,64.30
2026-09-26 15:14:32,pc3,rfsim5g-end-ue-16,3.15,72.30
2026-09-26 15:14:37,pc3,rfsim5g-end-ue-17,3.15,118.00
2026-09-26 15:14:37,pc3,rfsim5g-end-ue-9,1.05,104.00
2026-09-26 15:14:37,pc3,rfsim5g-end-ue-10,1.05,108.00
2026-09-26 15:14:37,pc3,rfsim5g-end-ue-11,1.05,19.40
2026-09-26 15:14:37,pc3,rfsim5g-end-ue-12,1.05,56.90
2026-09-26 15:14:37,pc3,rfsim5g-end-ue-13,2.10,75.40
2026-09-26 15:14:37,pc3,rfsim5g-end-ue-14,2.10,75.10
2026-09-26 15:14:37,pc3,rfsim5g-end-ue-15,3.15,78.90
2026-09-26 15:14:37,pc3,rfsim5g-end-ue-16,3.15,78.00
2026-09-26 15:14:42,pc3,rfsim5g-end-ue-17,0.00,110.00
2026-09-26 15:14:42,pc3,rfsim5g-end-ue-9,0.00,135.00
2026-09-26 15:14:42,pc3,rfsim5g-end-ue-10,1.04,133.00
2026-09-26 15:14:42,pc3,rfsim5g-end-ue-11,2.10,90.20
2026-09-26 15:14:42,pc3,rfsim5g-end-ue-12,2.10,96.40
2026-09-26 15:14:42,pc3,rfsim5g-end-ue-13,1.05,99.90
2026-09-26 15:14:42,pc3,rfsim5g-end-ue-14,,77.60
2026-09-26 15:14:42,pc3,rfsim5g-end-ue-15,3.15,21.90
2026-09-26 15:14:42,pc3,rfsim5g-end-ue-16,3.15,58.20
2026-09-26 15:14:48,pc3,rfsim5g-end-ue-17,1.05,124.00
2026-09-26 15:14:48,pc3,rfsim5g-end-ue-9,0.00,89.00
2026-09-26 15:14:48,pc3,rfsim5g-end-ue-10,1.05,151.00
2026-09-26 15:14:48,pc3,rfsim5g-end-ue-11,2.10,86.70
2026-09-26 15:14:48,pc3,rfsim5g-end-ue-12,2.10,72.90
2026-09-26 15:14:48,pc3,rfsim5g-end-ue-13,1.05,
2026-09-26 15:14:48,pc3,rfsim5g-end-ue-14,3.15,186.00
2026-09-26 15:14:48,pc3,rfsim5g-end-ue-15,3.14,44.50
2026-09-26 15:14:48,pc3,rfsim5g-end-ue-16,3.14,135.00
2026-09-26 15:14:54,pc3,rfsim5g-end-ue-17,1.07,222.00
2026-09-26 15:14:54,pc3,rfsim5g-end-ue-9,1.05,60.10
2026-09-26 15:14:54,pc3,rfsim5g-end-ue-10,1.05,422.00
2026-09-26 15:14:54,pc3,rfsim5g-end-ue-11,2.10,65.20
2026-09-26 15:14:54,pc3,rfsim5g-end-ue-12,2.10,61.20
2026-09-26 15:14:54,pc3,rfsim5g-end-ue-13,3.15,165.00
2026-09-26 15:14:54,pc3,rfsim5g-end-ue-14,3.06,169.00
2026-09-26 15:14:54,pc3,rfsim5g-end-ue-15,3.15,172.00
2026-09-26 15:14:54,pc3,rfsim5g-end-ue-16,1.05,
2026-09-26 15:15:00,pc3,rfsim5g-end-ue-17,1.05,113.00
2026-09-26 15:15:00,pc3,rfsim5g-end-ue-9,1.04,82.80
2026-09-26 15:15:00,pc3,rfsim5g-end-ue-10,1.05,60.30
2026-09-26 15:15:00,pc3,rfsim5g-end-ue-11,1.05,57.50
2026-09-26 15:15:00,pc3,rfsim5g-end-ue-12,2.09,47.80
2026-09-26 15:15:00,pc3,rfsim5g-end-ue-13,1.05,102.00
2026-09-26 15:15:00,pc3,rfsim5g-end-ue-14,3.15,95.30
2026-09-26 15:15:00,pc3,rfsim5g-end-ue-15,3.15,120.00
2026-09-26 15:15:00,pc3,rfsim5g-end-ue-16,4.19,171.00
2026-09-26 15:15:06,pc3,rfsim5g-end-ue-17,1.05,179.00
2026-09-26 15:15:06,pc3,rfsim5g-end-ue-9,1.05,68.30
2026-09-26 15:15:06,pc3,rfsim5g-end-ue-10,0.00,86.40
2026-09-26 15:15:06,pc3,rfsim5g-end-ue-11,2.10,53.50
2026-09-26 15:15:06,pc3,rfsim5g-end-ue-12,2.09,56.10
2026-09-26 15:15:06,pc3,rfsim5g-end-ue-13,2.10,62.30
2026-09-26 15:15:06,pc3,rfsim5g-end-ue-14,3.15,59.50
2026-09-26 15:15:06,pc3,rfsim5g-end-ue-15,3.15,152.00
2026-09-26 15:15:06,pc3,rfsim5g-end-ue-16,3.15,64.70
2026-09-26 15:15:11,pc3,rfsim5g-end-ue-17,1.05,119.00
2026-09-26 15:15:11,pc3,rfsim5g-end-ue-9,1.05,90.90
2026-09-26 15:15:11,pc3,rfsim5g-end-ue-10,1.05,77.90
2026-09-26 15:15:11,pc3,rfsim5g-end-ue-11,1.05,53.60
2026-09-26 15:15:11,pc3,rfsim5g-end-ue-12,2.10,66.80
2026-09-26 15:15:11,pc3,rfsim5g-end-ue-13,2.10,138.00
2026-09-26 15:15:11,pc3,rfsim5g-end-ue-14,2.10,90.90
2026-09-26 15:15:11,pc3,rfsim5g-end-ue-15,3.15,104.00
2026-09-26 15:15:11,pc3,rfsim5g-end-ue-16,3.15,172.00
2026-09-26 15:15:16,pc3,rfsim5g-end-ue-17,0.00,133.00
2026-09-26 15:15:16,pc3,rfsim5g-end-ue-9,0.00,88.50
2026-09-26 15:15:16,pc3,rfsim5g-end-ue-10,,90.30
2026-09-26 15:15:16,pc3,rfsim5g-end-ue-11,2.10,53.90
2026-09-26 15:15:16,pc3,rfsim5g-end-ue-12,2.10,53.90
2026-09-26 15:15:16,pc3,rfsim5g-end-ue-13,2.10,67.60
2026-09-26 15:15:16,pc3,rfsim5g-end-ue-14,3.15,66.60
2026-09-26 15:15:16,pc3,rfsim5g-end-ue-15,3.15,32.40
2026-09-26 15:15:16,pc3,rfsim5g-end-ue-16,3.14,154.00
2026-09-26 15:15:21,pc3,rfsim5g-end-ue-17,0.00,111.00
2026-09-26 15:15:21,pc3,rfsim5g-end-ue-9,1.05,92.30
2026-09-26 15:15:21,pc3,rfsim5g-end-ue-10,1.05,98.60
2026-09-26 15:15:21,pc3,rfsim5g-end-ue-11,2.10,25.90
2026-09-26 15:15:21,pc3,rfsim5g-end-ue-12,2.10,62.90
2026-09-26 15:15:21,pc3,rfsim5g-end-ue-13,2.10,90.70
2026-09-26 15:15:21,pc3,rfsim5g-end-ue-14,3.14,67.30
2026-09-26 15:15:21,pc3,rfsim5g-end-ue-15,3.15,30.10
2026-09-26 15:15:21,pc3,rfsim5g-end-ue-16,3.15,30.60
2026-09-26 15:15:27,pc3,rfsim5g-end-ue-17,1.05,123.00
2026-09-26 15:15:27,pc3,rfsim5g-end-ue-9,1.05,84.10
2026-09-26 15:15:27,pc3,rfsim5g-end-ue-10,1.05,87.30
2026-09-26 15:15:27,pc3,rfsim5g-end-ue-11,2.10,55.70
2026-09-26 15:15:27,pc3,rfsim5g-end-ue-12,2.10,55.40
2026-09-26 15:15:27,pc3,rfsim5g-end-ue-13,2.10,81.30
2026-09-26 15:15:27,pc3,rfsim5g-end-ue-14,4.19,63.90
2026-09-26 15:15:27,pc3,rfsim5g-end-ue-15,3.15,55.50
2026-09-26 15:15:27,pc3,rfsim5g-end-ue-16,3.15,86.80
2026-09-26 15:15:32,pc3,rfsim5g-end-ue-17,1.05,115.00
2026-09-26 15:15:32,pc3,rfsim5g-end-ue-9,1.05,91.90
2026-09-26 15:15:32,pc3,rfsim5g-end-ue-10,0.00,83.20
2026-09-26 15:15:32,pc3,rfsim5g-end-ue-11,2.10,46.10
2026-09-26 15:15:32,pc3,rfsim5g-end-ue-12,2.10,56.70
2026-09-26 15:15:32,pc3,rfsim5g-end-ue-13,2.10,81.00
2026-09-26 15:15:32,pc3,rfsim5g-end-ue-14,3.15,76.70
2026-09-26 15:15:32,pc3,rfsim5g-end-ue-15,3.15,82.30
2026-09-26 15:15:32,pc3,rfsim5g-end-ue-16,3.15,189.00
2026-09-26 15:15:37,pc3,rfsim5g-end-ue-17,0.00,139.00
2026-09-26 15:15:37,pc3,rfsim5g-end-ue-9,0.00,89.00
2026-09-26 15:15:37,pc3,rfsim5g-end-ue-10,1.05,81.50
2026-09-26 15:15:37,pc3,rfsim5g-end-ue-11,2.10,48.70
2026-09-26 15:15:37,pc3,rfsim5g-end-ue-12,2.06,79.90
2026-09-26 15:15:37,pc3,rfsim5g-end-ue-13,2.10,153.00
2026-09-26 15:15:37,pc3,rfsim5g-end-ue-14,3.15,61.70
2026-09-26 15:15:37,pc3,rfsim5g-end-ue-15,4.19,76.30
2026-09-26 15:15:37,pc3,rfsim5g-end-ue-16,3.15,163.00
2026-09-26 15:15:42,pc3,rfsim5g-end-ue-17,1.05,102.00
2026-09-26 15:15:42,pc3,rfsim5g-end-ue-9,1.05,89.20
2026-09-26 15:15:42,pc3,rfsim5g-end-ue-10,1.05,88.60
2026-09-26 15:15:42,pc3,rfsim5g-end-ue-11,2.10,56.20
2026-09-26 15:15:42,pc3,rfsim5g-end-ue-12,2.10,58.20
2026-09-26 15:15:42,pc3,rfsim5g-end-ue-13,2.10,114.00
2026-09-26 15:15:42,pc3,rfsim5g-end-ue-14,3.15,64.90
2026-09-26 15:15:42,pc3,rfsim5g-end-ue-15,3.15,81.40
2026-09-26 15:15:42,pc3,rfsim5g-end-ue-16,3.14,121.00
2026-09-26 15:15:48,pc3,rfsim5g-end-ue-17,1.05,122.00
2026-09-26 15:15:48,pc3,rfsim5g-end-ue-9,1.05,102.00
2026-09-26 15:15:48,pc3,rfsim5g-end-ue-10,1.05,83.60
2026-09-26 15:15:48,pc3,rfsim5g-end-ue-11,2.10,38.20
2026-09-26 15:15:48,pc3,rfsim5g-end-ue-12,2.10,64.40
2026-09-26 15:15:48,pc3,rfsim5g-end-ue-13,2.10,352.00
2026-09-26 15:15:48,pc3,rfsim5g-end-ue-14,4.19,76.00
2026-09-26 15:15:48,pc3,rfsim5g-end-ue-15,3.15,68.30
2026-09-26 15:15:48,pc3,rfsim5g-end-ue-16,3.15,161.00
2026-09-26 15:15:53,pc3,rfsim5g-end-ue-17,1.05,73.60
2026-09-26 15:15:53,pc3,rfsim5g-end-ue-9,1.05,84.00
2026-09-26 15:15:53,pc3,rfsim5g-end-ue-10,0.00,90.00
2026-09-26 15:15:53,pc3,rfsim5g-end-ue-11,2.10,53.50
2026-09-26 15:15:53,pc3,rfsim5g-end-ue-12,1.05,66.20
2026-09-26 15:15:53,pc3,rfsim5g-end-ue-13,2.10,60.00
2026-09-26 15:15:53,pc3,rfsim5g-end-ue-14,2.10,70.90
2026-09-26 15:15:53,pc3,rfsim5g-end-ue-15,3.15,53.60
2026-09-26 15:15:53,pc3,rfsim5g-end-ue-16,3.15,148.00
2026-09-26 15:15:58,pc3,rfsim5g-end-ue-17,0.00,131.00
2026-09-26 15:15:58,pc3,rfsim5g-end-ue-9,0.00,90.60
2026-09-26 15:15:58,pc3,rfsim5g-end-ue-10,1.05,50.40
2026-09-26 15:15:58,pc3,rfsim5g-end-ue-11,2.10,60.90
2026-09-26 15:15:58,pc3,rfsim5g-end-ue-12,2.10,23.90
2026-09-26 15:15:58,pc3,rfsim5g-end-ue-13,2.10,57.10
2026-09-26 15:15:58,pc3,rfsim5g-end-ue-14,3.14,64.50
2026-09-26 15:15:58,pc3,rfsim5g-end-ue-15,3.15,64.30
2026-09-26 15:15:58,pc3,rfsim5g-end-ue-16,4.19,75.60
2026-09-26 15:16:04,pc3,rfsim5g-end-ue-17,0.00,194.00
2026-09-26 15:16:04,pc3,rfsim5g-end-ue-9,1.05,61.40
2026-09-26 15:16:04,pc3,rfsim5g-end-ue-10,1.05,88.40
2026-09-26 15:16:04,pc3,rfsim5g-end-ue-11,2.10,56.90
2026-09-26 15:16:04,pc3,rfsim5g-end-ue-12,2.10,27.90
2026-09-26 15:16:04,pc3,rfsim5g-end-ue-13,2.10,63.80
2026-09-26 15:16:04,pc3,rfsim5g-end-ue-14,3.14,62.90
2026-09-26 15:16:04,pc3,rfsim5g-end-ue-15,3.15,61.50
2026-09-26 15:16:04,pc3,rfsim5g-end-ue-16,3.15,91.70
2026-09-26 15:16:09,pc3,rfsim5g-end-ue-17,1.05,178.00
2026-09-26 15:16:09,pc3,rfsim5g-end-ue-9,1.05,86.40
2026-09-26 15:16:09,pc3,rfsim5g-end-ue-10,1.05,82.80
2026-09-26 15:16:09,pc3,rfsim5g-end-ue-11,2.10,56.20
2026-09-26 15:16:09,pc3,rfsim5g-end-ue-12,2.10,56.50
2026-09-26 15:16:09,pc3,rfsim5g-end-ue-13,2.10,119.00
2026-09-26 15:16:09,pc3,rfsim5g-end-ue-14,3.14,114.00
2026-09-26 15:16:09,pc3,rfsim5g-end-ue-15,3.15,161.00
2026-09-26 15:16:09,pc3,rfsim5g-end-ue-16,3.14,154.00
2026-09-26 15:16:14,pc3,rfsim5g-end-ue-17,1.05,153.00
2026-09-26 15:16:14,pc3,rfsim5g-end-ue-9,1.05,84.70
2026-09-26 15:16:14,pc3,rfsim5g-end-ue-10,0.00,60.50
2026-09-26 15:16:14,pc3,rfsim5g-end-ue-11,2.10,65.70
2026-09-26 15:16:14,pc3,rfsim5g-end-ue-12,1.05,65.20
2026-09-26 15:16:14,pc3,rfsim5g-end-ue-13,2.10,80.80
2026-09-26 15:16:14,pc3,rfsim5g-end-ue-14,2.10,161.00
2026-09-26 15:16:14,pc3,rfsim5g-end-ue-15,3.15,163.00
2026-09-26 15:16:14,pc3,rfsim5g-end-ue-16,3.15,78.00
2026-09-26 15:16:20,pc3,rfsim5g-end-ue-17,0.00,168.00
2026-09-26 15:16:20,pc3,rfsim5g-end-ue-9,0.00,83.30
2026-09-26 15:16:20,pc3,rfsim5g-end-ue-10,1.05,99.20
2026-09-26 15:16:20,pc3,rfsim5g-end-ue-11,2.10,60.30
2026-09-26 15:16:20,pc3,rfsim5g-end-ue-12,2.10,97.60
2026-09-26 15:16:20,pc3,rfsim5g-end-ue-13,2.09,265.00
2026-09-26 15:16:20,pc3,rfsim5g-end-ue-14,3.15,161.00
2026-09-26 15:16:20,pc3,rfsim5g-end-ue-15,3.15,201.00
2026-09-26 15:16:20,pc3,rfsim5g-end-ue-16,4.19,130.00
2026-09-26 15:16:25,pc3,rfsim5g-end-ue-17,0.00,135.00
2026-09-26 15:16:25,pc3,rfsim5g-end-ue-9,1.05,56.80
2026-09-26 15:16:25,pc3,rfsim5g-end-ue-10,1.05,109.00
2026-09-26 15:16:25,pc3,rfsim5g-end-ue-11,2.10,94.40
2026-09-26 15:16:25,pc3,rfsim5g-end-ue-12,1.05,105.00
2026-09-26 15:16:25,pc3,rfsim5g-end-ue-13,2.10,167.00
2026-09-26 15:16:25,pc3,rfsim5g-end-ue-14,3.15,128.00
2026-09-26 15:16:25,pc3,rfsim5g-end-ue-15,3.15,80.40
2026-09-26 15:16:25,pc3,rfsim5g-end-ue-16,3.15,182.00
2026-09-26 15:16:30,pc3,rfsim5g-end-ue-17,1.05,173.00
2026-09-26 15:16:30,pc3,rfsim5g-end-ue-9,1.05,129.00
2026-09-26 15:16:30,pc3,rfsim5g-end-ue-10,1.05,132.00
2026-09-26 15:16:30,pc3,rfsim5g-end-ue-11,2.10,94.70
2026-09-26 15:16:30,pc3,rfsim5g-end-ue-12,2.10,97.80
2026-09-26 15:16:30,pc3,rfsim5g-end-ue-13,2.09,160.00
2026-09-26 15:16:30,pc3,rfsim5g-end-ue-14,3.15,168.00
2026-09-26 15:16:30,pc3,rfsim5g-end-ue-15,3.15,148.00
2026-09-26 15:16:30,pc3,rfsim5g-end-ue-16,3.15,155.00
2026-09-26 15:16:36,pc3,rfsim5g-end-ue-17,1.05,69.30
2026-09-26 15:16:36,pc3,rfsim5g-end-ue-9,1.05,32.00
2026-09-26 15:16:36,pc3,rfsim5g-end-ue-10,1.05,88.30
2026-09-26 15:16:36,pc3,rfsim5g-end-ue-11,2.10,67.30
2026-09-26 15:16:36,pc3,rfsim5g-end-ue-12,2.10,58.40
2026-09-26 15:16:36,pc3,rfsim5g-end-ue-13,2.10,172.00
2026-09-26 15:16:36,pc3,rfsim5g-end-ue-14,3.09,63.90
2026-09-26 15:16:36,pc3,rfsim5g-end-ue-15,2.10,78.90
2026-09-26 15:16:36,pc3,rfsim5g-end-ue-16,4.19,125.00
2026-09-26 15:16:41,pc3,rfsim5g-end-ue-17,0.00,142.00
2026-09-26 15:16:41,pc3,rfsim5g-end-ue-9,1.05,88.60
2026-09-26 15:16:41,pc3,rfsim5g-end-ue-10,1.05,90.30
2026-09-26 15:16:41,pc3,rfsim5g-end-ue-11,2.10,93.10
2026-09-26 15:16:41,pc3,rfsim5g-end-ue-12,2.10,91.70
2026-09-26 15:16:41,pc3,rfsim5g-end-ue-13,2.10,131.00
2026-09-26 15:16:41,pc3,rfsim5g-end-ue-14,3.15,138.00
2026-09-26 15:16:41,pc3,rfsim5g-end-ue-15,3.14,146.00
2026-09-26 15:16:41,pc3,rfsim5g-end-ue-16,3.15,145.00
2026-09-26 15:16:46,pc3,rfsim5g-end-ue-17,1.05,116.00
2026-09-26 15:16:46,pc3,rfsim5g-end-ue-9,1.05,119.00
2026-09-26 15:16:46,pc3,rfsim5g-end-ue-10,1.05,97.60
2026-09-26 15:16:46,pc3,rfsim5g-end-ue-11,2.10,60.20
2026-09-26 15:16:46,pc3,rfsim5g-end-ue-12,2.09,71.90
2026-09-26 15:16:46,pc3,rfsim5g-end-ue-13,2.10,90.20
2026-09-26 15:16:46,pc3,rfsim5g-end-ue-14,3.15,98.10
2026-09-26 15:16:46,pc3,rfsim5g-end-ue-15,3.15,101.00
2026-09-26 15:16:46,pc3,rfsim5g-end-ue-16,3.14,104.00
2026-09-26 15:16:52,pc3,rfsim5g-end-ue-17,1.05,129.00
2026-09-26 15:16:52,pc3,rfsim5g-end-ue-9,1.05,88.30
2026-09-26 15:16:52,pc3,rfsim5g-end-ue-10,0.00,77.10
2026-09-26 15:16:52,pc3,rfsim5g-end-ue-11,2.10,62.50
2026-09-26 15:16:52,pc3,rfsim5g-end-ue-12,2.10,67.40
2026-09-26 15:16:52,pc3,rfsim5g-end-ue-13,2.10,77.60
2026-09-26 15:16:52,pc3,rfsim5g-end-ue-14,3.15,108.00
2026-09-26 15:16:52,pc3,rfsim5g-end-ue-15,3.15,95.80
2026-09-26 15:16:52,pc3,rfsim5g-end-ue-16,3.15,208.00
2026-09-26 15:16:57,pc3,rfsim5g-end-ue-17,0.00,199.00
2026-09-26 15:16:57,pc3,rfsim5g-end-ue-9,0.00,101.00
2026-09-26 15:16:57,pc3,rfsim5g-end-ue-10,2.09,142.00
2026-09-26 15:16:57,pc3,rfsim5g-end-ue-11,2.06,77.30
2026-09-26 15:16:57,pc3,rfsim5g-end-ue-12,2.08,73.20
2026-09-26 15:16:57,pc3,rfsim5g-end-ue-13,,132.00
2026-09-26 15:16:57,pc3,rfsim5g-end-ue-14,3.15,206.00
2026-09-26 15:16:57,pc3,rfsim5g-end-ue-15,4.17,284.00
2026-09-26 15:16:57,pc3,rfsim5g-end-ue-16,4.20,161.00
2026-09-26 15:17:03,pc3,rfsim5g-end-ue-17,0.00,193.00
2026-09-26 15:17:03,pc3,rfsim5g-end-ue-9,1.05,103.00
2026-09-26 15:17:03,pc3,rfsim5g-end-ue-10,2.10,77.30
2026-09-26 15:17:03,pc3,rfsim5g-end-ue-11,2.10,73.00
2026-09-26 15:17:03,pc3,rfsim5g-end-ue-12,1.06,821.00
2026-09-26 15:17:03,pc3,rfsim5g-end-ue-13,3.15,45.30
2026-09-26 15:17:03,pc3,rfsim5g-end-ue-14,3.14,62.40
2026-09-26 15:17:03,pc3,rfsim5g-end-ue-15,3.15,557.00
2026-09-26 15:17:03,pc3,rfsim5g-end-ue-16,0.00,54.30
2026-09-26 15:17:09,pc3,rfsim5g-end-ue-17,1.05,166.00
2026-09-26 15:17:09,pc3,rfsim5g-end-ue-9,1.05,87.60
2026-09-26 15:17:09,pc3,rfsim5g-end-ue-10,2.10,76.90
2026-09-26 15:17:09,pc3,rfsim5g-end-ue-11,2.10,115.00
2026-09-26 15:17:09,pc3,rfsim5g-end-ue-12,4.19,41.20
2026-09-26 15:17:09,pc3,rfsim5g-end-ue-13,3.15,77.40
2026-09-26 15:17:09,pc3,rfsim5g-end-ue-14,3.17,111.00
2026-09-26 15:17:09,pc3,rfsim5g-end-ue-15,2.10,
2026-09-26 15:17:09,pc3,rfsim5g-end-ue-16,1.05,93.70
2026-09-26 15:17:15,pc3,rfsim5g-end-ue-17,1.05,186.00
2026-09-26 15:17:15,pc3,rfsim5g-end-ue-9,1.05,90.50
2026-09-26 15:17:15,pc3,rfsim5g-end-ue-10,2.10,36.40
2026-09-26 15:17:15,pc3,rfsim5g-end-ue-11,2.10,44.30
2026-09-26 15:17:15,pc3,rfsim5g-end-ue-12,2.10,57.40
2026-09-26 15:17:15,pc3,rfsim5g-end-ue-13,3.15,91.80
2026-09-26 15:17:15,pc3,rfsim5g-end-ue-14,3.15,106.00
2026-09-26 15:17:15,pc3,rfsim5g-end-ue-15,3.15,313.00
2026-09-26 15:17:15,pc3,rfsim5g-end-ue-16,0.00,171.00
2026-09-26 15:17:21,pc3,rfsim5g-end-ue-17,1.05,214.00
2026-09-26 15:17:21,pc3,rfsim5g-end-ue-9,1.05,84.10
2026-09-26 15:17:21,pc3,rfsim5g-end-ue-10,2.10,66.60
2026-09-26 15:17:21,pc3,rfsim5g-end-ue-11,2.10,30.00
2026-09-26 15:17:21,pc3,rfsim5g-end-ue-12,2.10,78.70
2026-09-26 15:17:21,pc3,rfsim5g-end-ue-13,3.15,53.50
2026-09-26 15:17:21,pc3,rfsim5g-end-ue-14,3.15,65.30
2026-09-26 15:17:21,pc3,rfsim5g-end-ue-15,3.14,82.50
2026-09-26 15:17:21,pc3,rfsim5g-end-ue-16,1.05,69.20
2026-09-26 15:17:26,pc3,rfsim5g-end-ue-17,1.05,138.00
2026-09-26 15:17:26,pc3,rfsim5g-end-ue-9,1.05,100.00
2026-09-26 15:17:26,pc3,rfsim5g-end-ue-10,2.08,69.10
2026-09-26 15:17:26,pc3,rfsim5g-end-ue-11,2.10,74.30
2026-09-26 15:17:26,pc3,rfsim5g-end-ue-12,2.10,53.60
2026-09-26 15:17:26,pc3,rfsim5g-end-ue-13,3.15,135.00
2026-09-26 15:17:26,pc3,rfsim5g-end-ue-14,4.20,146.00
2026-09-26 15:17:26,pc3,rfsim5g-end-ue-15,3.15,210.00
2026-09-26 15:17:26,pc3,rfsim5g-end-ue-16,1.05,139.00
2026-09-26 15:17:31,pc3,rfsim5g-end-ue-17,0.00,119.00
2026-09-26 15:17:31,pc3,rfsim5g-end-ue-9,,25.40
2026-09-26 15:17:31,pc3,rfsim5g-end-ue-10,2.10,76.20
2026-09-26 15:17:31,pc3,rfsim5g-end-ue-11,1.05,30.60
2026-09-26 15:17:31,pc3,rfsim5g-end-ue-12,2.10,77.00
2026-09-26 15:17:31,pc3,rfsim5g-end-ue-13,3.15,40.90
2026-09-26 15:17:31,pc3,rfsim5g-end-ue-14,3.15,64.00
2026-09-26 15:17:31,pc3,rfsim5g-end-ue-15,3.14,101.00
2026-09-26 15:17:31,pc3,rfsim5g-end-ue-16,1.05,87.10
2026-09-26 15:17:37,pc3,rfsim5g-end-ue-17,1.05,124.00
2026-09-26 15:17:37,pc3,rfsim5g-end-ue-9,1.05,102.00
2026-09-26 15:17:37,pc3,rfsim5g-end-ue-10,2.10,27.60
2026-09-26 15:17:37,pc3,rfsim5g-end-ue-11,2.10,56.40
2026-09-26 15:17:37,pc3,rfsim5g-end-ue-12,2.10,58.00
2026-09-26 15:17:37,pc3,rfsim5g-end-ue-13,3.15,29.10
2026-09-26 15:17:37,pc3,rfsim5g-end-ue-14,3.15,90.90
2026-09-26 15:17:37,pc3,rfsim5g-end-ue-15,3.14,236.00
2026-09-26 15:17:37,pc3,rfsim5g-end-ue-16,0.00,98.50
2026-09-26 15:17:42,pc3,rfsim5g-end-ue-17,1.05,148.00
2026-09-26 15:17:42,pc3,rfsim5g-end-ue-9,1.05,89.10
2026-09-26 15:17:42,pc3,rfsim5g-end-ue-10,2.10,40.70
2026-09-26 15:17:42,pc3,rfsim5g-end-ue-11,1.05,62.40
2026-09-26 15:17:42,pc3,rfsim5g-end-ue-12,2.10,81.50
2026-09-26 15:17:42,pc3,rfsim5g-end-ue-13,3.15,76.60
2026-09-26 15:17:42,pc3,rfsim5g-end-ue-14,3.13,61.20
2026-09-26 15:17:42,pc3,rfsim5g-end-ue-15,3.15,62.90
2026-09-26 15:17:42,pc3,rfsim5g-end-ue-16,1.05,118.00
2026-09-26 15:17:47,pc3,rfsim5g-end-ue-17,1.05,214.00
2026-09-26 15:17:47,pc3,rfsim5g-end-ue-9,1.05,86.10
2026-09-26 15:17:47,pc3,rfsim5g-end-ue-10,1.05,73.30
2026-09-26 15:17:47,pc3,rfsim5g-end-ue-11,2.10,56.50
2026-09-26 15:17:47,pc3,rfsim5g-end-ue-12,2.10,23.20
2026-09-26 15:17:47,pc3,rfsim5g-end-ue-13,3.16,74.60
2026-09-26 15:17:47,pc3,rfsim5g-end-ue-14,3.15,74.70
2026-09-26 15:17:47,pc3,rfsim5g-end-ue-15,3.15,66.30
2026-09-26 15:17:47,pc3,rfsim5g-end-ue-16,1.05,38.00
2026-09-26 15:17:53,pc3,rfsim5g-end-ue-17,0.00,180.00
2026-09-26 15:17:53,pc3,rfsim5g-end-ue-9,0.00,105.00
2026-09-26 15:17:53,pc3,rfsim5g-end-ue-10,2.10,81.00
2026-09-26 15:17:53,pc3,rfsim5g-end-ue-11,1.05,73.80
2026-09-26 15:17:53,pc3,rfsim5g-end-ue-12,2.10,62.90
2026-09-26 15:17:53,pc3,rfsim5g-end-ue-13,3.15,107.00
2026-09-26 15:17:53,pc3,rfsim5g-end-ue-14,3.14,110.00
2026-09-26 15:17:53,pc3,rfsim5g-end-ue-15,3.15,228.00
2026-09-26 15:17:53,pc3,rfsim5g-end-ue-16,1.05,107.00
2026-09-26 15:17:58,pc3,rfsim5g-end-ue-17,1.05,104.00
2026-09-26 15:17:58,pc3,rfsim5g-end-ue-9,1.05,86.40
2026-09-26 15:17:58,pc3,rfsim5g-end-ue-10,1.05,59.40
2026-09-26 15:17:58,pc3,rfsim5g-end-ue-11,2.10,64.00
2026-09-26 15:17:58,pc3,rfsim5g-end-ue-12,2.09,73.40
2026-09-26 15:17:58,pc3,rfsim5g-end-ue-13,3.15,61.10
2026-09-26 15:17:58,pc3,rfsim5g-end-ue-14,3.15,64.10
2026-09-26 15:17:58,pc3,rfsim5g-end-ue-15,3.15,193.00
2026-09-26 15:17:58,pc3,rfsim5g-end-ue-16,1.05,91.20
2026-09-26 15:18:04,pc3,rfsim5g-end-ue-17,1.05,178.00
2026-09-26 15:18:04,pc3,rfsim5g-end-ue-9,1.05,84.40
2026-09-26 15:18:04,pc3,rfsim5g-end-ue-10,2.10,64.40
2026-09-26 15:18:04,pc3,rfsim5g-end-ue-11,2.10,67.90
2026-09-26 15:18:04,pc3,rfsim5g-end-ue-12,2.10,96.10
2026-09-26 15:18:04,pc3,rfsim5g-end-ue-13,3.15,163.00
2026-09-26 15:18:04,pc3,rfsim5g-end-ue-14,2.09,63.80
2026-09-26 15:18:04,pc3,rfsim5g-end-ue-15,3.15,75.80
2026-09-26 15:18:04,pc3,rfsim5g-end-ue-16,1.05,203.00
2026-09-26 15:18:09,pc3,rfsim5g-end-ue-17,0.00,172.00
2026-09-26 15:18:09,pc3,rfsim5g-end-ue-9,0.00,90.10
2026-09-26 15:18:09,pc3,rfsim5g-end-ue-10,2.10,60.10
2026-09-26 15:18:09,pc3,rfsim5g-end-ue-11,2.10,57.40
2026-09-26 15:18:09,pc3,rfsim5g-end-ue-12,2.10,64.00
2026-09-26 15:18:09,pc3,rfsim5g-end-ue-13,3.17,84.70
2026-09-26 15:18:09,pc3,rfsim5g-end-ue-14,4.20,76.30
2026-09-26 15:18:09,pc3,rfsim5g-end-ue-15,4.16,68.40
2026-09-26 15:18:09,pc3,rfsim5g-end-ue-16,1.05,94.40
2026-09-26 15:18:14,pc3,rfsim5g-end-ue-17,1.05,143.00
2026-09-26 15:18:14,pc3,rfsim5g-end-ue-9,1.05,90.30
2026-09-26 15:18:14,pc3,rfsim5g-end-ue-10,2.09,30.60
2026-09-26 15:18:14,pc3,rfsim5g-end-ue-11,1.05,58.20
2026-09-26 15:18:14,pc3,rfsim5g-end-ue-12,1.05,33.70
2026-09-26 15:18:14,pc3,rfsim5g-end-ue-13,4.19,52.30
2026-09-26 15:18:14,pc3,rfsim5g-end-ue-14,3.16,61.10
2026-09-26 15:18:14,pc3,rfsim5g-end-ue-15,3.14,62.80
2026-09-26 15:18:14,pc3,rfsim5g-end-ue-16,0.00,130.00
2026-09-26 15:18:20,pc3,rfsim5g-end-ue-17,1.05,130.00
2026-09-26 15:18:20,pc3,rfsim5g-end-ue-9,1.05,83.10
2026-09-26 15:18:20,pc3,rfsim5g-end-ue-10,1.05,70.00
2026-09-26 15:18:20,pc3,rfsim5g-end-ue-11,2.10,58.30
2026-09-26 15:18:20,pc3,rfsim5g-end-ue-12,2.09,59.30
2026-09-26 15:18:20,pc3,rfsim5g-end-ue-13,3.16,44.70
2026-09-26 15:18:20,pc3,rfsim5g-end-ue-14,3.15,100.00
2026-09-26 15:18:20,pc3,rfsim5g-end-ue-15,3.15,211.00
2026-09-26 15:18:20,pc3,rfsim5g-end-ue-16,1.05,114.00
2026-09-26 15:18:25,pc3,rfsim5g-end-ue-17,1.05,103.00
2026-09-26 15:18:25,pc3,rfsim5g-end-ue-9,1.05,84.10
2026-09-26 15:18:25,pc3,rfsim5g-end-ue-10,2.10,59.20
2026-09-26 15:18:25,pc3,rfsim5g-end-ue-11,1.05,110.00
2026-09-26 15:18:25,pc3,rfsim5g-end-ue-12,1.05,184.00
2026-09-26 15:18:25,pc3,rfsim5g-end-ue-13,3.15,57.20
2026-09-26 15:18:25,pc3,rfsim5g-end-ue-14,2.09,72.50
2026-09-26 15:18:25,pc3,rfsim5g-end-ue-15,3.15,120.00
2026-09-26 15:18:25,pc3,rfsim5g-end-ue-16,1.05,93.00
2026-09-26 15:18:30,pc3,rfsim5g-end-ue-17,0.00,116.00
2026-09-26 15:18:30,pc3,rfsim5g-end-ue-9,0.00,91.30
2026-09-26 15:18:30,pc3,rfsim5g-end-ue-10,1.05,65.60
2026-09-26 15:18:30,pc3,rfsim5g-end-ue-11,2.10,51.20
2026-09-26 15:18:30,pc3,rfsim5g-end-ue-12,2.10,65.10
2026-09-26 15:18:30,pc3,rfsim5g-end-ue-13,3.13,77.80
2026-09-26 15:18:30,pc3,rfsim5g-end-ue-14,3.15,56.70
2026-09-26 15:18:30,pc3,rfsim5g-end-ue-15,3.16,67.40
2026-09-26 15:18:30,pc3,rfsim5g-end-ue-16,1.05,96.30
2026-09-26 15:18:36,pc3,rfsim5g-end-ue-17,0.00,104.00
2026-09-26 15:18:36,pc3,rfsim5g-end-ue-9,1.05,80.60
2026-09-26 15:18:36,pc3,rfsim5g-end-ue-10,2.08,33.30
2026-09-26 15:18:36,pc3,rfsim5g-end-ue-11,2.11,66.00
2026-09-26 15:18:36,pc3,rfsim5g-end-ue-12,1.05,62.30
2026-09-26 15:18:36,pc3,rfsim5g-end-ue-13,4.19,27.60
2026-09-26 15:18:36,pc3,rfsim5g-end-ue-14,3.15,43.90
2026-09-26 15:18:36,pc3,rfsim5g-end-ue-15,3.14,56.10
2026-09-26 15:18:36,pc3,rfsim5g-end-ue-16,0.00,106.00
2026-09-26 15:18:41,pc3,rfsim5g-end-ue-17,1.05,58.90
2026-09-26 15:18:41,pc3,rfsim5g-end-ue-9,1.05,89.30
2026-09-26 15:18:41,pc3,rfsim5g-end-ue-10,1.05,65.40
2026-09-26 15:18:41,pc3,rfsim5g-end-ue-11,2.10,62.10
2026-09-26 15:18:41,pc3,rfsim5g-end-ue-12,2.10,51.60
2026-09-26 15:18:41,pc3,rfsim5g-end-ue-13,3.15,31.50
2026-09-26 15:18:41,pc3,rfsim5g-end-ue-14,3.15,104.00
2026-09-26 15:18:41,pc3,rfsim5g-end-ue-15,3.15,209.00
2026-09-26 15:18:41,pc3,rfsim5g-end-ue-16,0.00,107.00
2026-09-26 15:18:46,pc3,rfsim5g-end-ue-17,1.05,115.00
2026-09-26 15:18:46,pc3,rfsim5g-end-ue-9,1.05,95.50
2026-09-26 15:18:46,pc3,rfsim5g-end-ue-10,2.10,96.90
2026-09-26 15:18:46,pc3,rfsim5g-end-ue-11,2.10,59.10
2026-09-26 15:18:46,pc3,rfsim5g-end-ue-12,2.10,59.00
2026-09-26 15:18:46,pc3,rfsim5g-end-ue-13,3.18,63.40
2026-09-26 15:18:46,pc3,rfsim5g-end-ue-14,2.09,57.90
2026-09-26 15:18:46,pc3,rfsim5g-end-ue-15,3.15,162.00
2026-09-26 15:18:46,pc3,rfsim5g-end-ue-16,1.05,96.10
2026-09-26 15:18:51,pc3,rfsim5g-end-ue-17,0.00,203.00
2026-09-26 15:18:51,pc3,rfsim5g-end-ue-9,0.00,96.10
2026-09-26 15:18:51,pc3,rfsim5g-end-ue-10,2.10,57.90
2026-09-26 15:18:51,pc3,rfsim5g-end-ue-11,2.10,56.70
2026-09-26 15:18:51,pc3,rfsim5g-end-ue-12,2.10,57.50
2026-09-26 15:18:51,pc3,rfsim5g-end-ue-13,3.15,74.60
2026-09-26 15:18:51,pc3,rfsim5g-end-ue-14,3.15,74.50
2026-09-26 15:18:51,pc3,rfsim5g-end-ue-15,3.15,160.00
2026-09-26 15:18:51,pc3,rfsim5g-end-ue-16,1.05,91.10
2026-09-26 15:18:57,pc3,rfsim5g-end-ue-17,1.05,131.00
2026-09-26 15:18:57,pc3,rfsim5g-end-ue-9,0.00,66.90
2026-09-26 15:18:57,pc3,rfsim5g-end-ue-10,2.10,68.30
2026-09-26 15:18:57,pc3,rfsim5g-end-ue-11,1.05,35.60
2026-09-26 15:18:57,pc3,rfsim5g-end-ue-12,2.10,58.90
2026-09-26 15:18:57,pc3,rfsim5g-end-ue-13,4.20,68.60
2026-09-26 15:18:57,pc3,rfsim5g-end-ue-14,3.14,70.50
2026-09-26 15:18:57,pc3,rfsim5g-end-ue-15,3.15,108.00
2026-09-26 15:18:57,pc3,rfsim5g-end-ue-16,0.00,131.00
2026-09-26 15:19:02,pc3,rfsim5g-end-ue-17,1.05,93.70
2026-09-26 15:19:02,pc3,rfsim5g-end-ue-9,1.05,87.70
2026-09-26 15:19:02,pc3,rfsim5g-end-ue-10,1.05,82.40
2026-09-26 15:19:02,pc3,rfsim5g-end-ue-11,2.10,77.50
2026-09-26 15:19:02,pc3,rfsim5g-end-ue-12,2.10,76.10
2026-09-26 15:19:02,pc3,rfsim5g-end-ue-13,3.15,86.40
2026-09-26 15:19:02,pc3,rfsim5g-end-ue-14,4.19,89.50
2026-09-26 15:19:02,pc3,rfsim5g-end-ue-15,3.14,160.00
2026-09-26 15:19:02,pc3,rfsim5g-end-ue-16,1.05,99.30
2026-09-26 15:19:07,pc3,rfsim5g-end-ue-17,1.05,119.00
2026-09-26 15:19:07,pc3,rfsim5g-end-ue-9,1.05,90.60
2026-09-26 15:19:07,pc3,rfsim5g-end-ue-10,2.10,55.30
2026-09-26 15:19:07,pc3,rfsim5g-end-ue-11,2.10,61.80
2026-09-26 15:19:07,pc3,rfsim5g-end-ue-12,1.05,63.00
2026-09-26 15:19:07,pc3,rfsim5g-end-ue-13,3.15,87.80
2026-09-26 15:19:07,pc3,rfsim5g-end-ue-14,3.13,99.60
2026-09-26 15:19:07,pc3,rfsim5g-end-ue-15,4.19,149.00
2026-09-26 15:19:07,pc3,rfsim5g-end-ue-16,1.05,90.70
2026-09-26 15:19:12,pc3,rfsim5g-end-ue-17,0.00,97.40
2026-09-26 15:19:12,pc3,rfsim5g-end-ue-9,2.10,186.00
2026-09-26 15:19:12,pc3,rfsim5g-end-ue-10,1.05,142.00
2026-09-26 15:19:12,pc3,rfsim5g-end-ue-11,2.10,77.30
2026-09-26 15:19:12,pc3,rfsim5g-end-ue-12,2.10,86.50
2026-09-26 15:19:12,pc3,rfsim5g-end-ue-13,3.16,63.70
2026-09-26 15:19:12,pc3,rfsim5g-end-ue-14,3.15,68.30
2026-09-26 15:19:12,pc3,rfsim5g-end-ue-15,3.14,180.00
2026-09-26 15:19:12,pc3,rfsim5g-end-ue-16,1.05,90.00
2026-09-26 15:19:18,pc3,rfsim5g-end-ue-17,1.05,621.00
2026-09-26 15:19:18,pc3,rfsim5g-end-ue-9,1.05,100.00
2026-09-26 15:19:18,pc3,rfsim5g-end-ue-10,2.10,60.40
2026-09-26 15:19:18,pc3,rfsim5g-end-ue-11,1.05,
2026-09-26 15:19:18,pc3,rfsim5g-end-ue-12,3.14,63.80
2026-09-26 15:19:18,pc3,rfsim5g-end-ue-13,3.15,36.10
2026-09-26 15:19:18,pc3,rfsim5g-end-ue-14,3.15,209.00
2026-09-26 15:19:18,pc3,rfsim5g-end-ue-15,1.05,82.40
2026-09-26 15:19:18,pc3,rfsim5g-end-ue-16,0.00,104.00
2026-09-26 15:19:24,pc3,rfsim5g-end-ue-17,1.05,118.00
2026-09-26 15:19:24,pc3,rfsim5g-end-ue-9,2.10,138.00
2026-09-26 15:19:24,pc3,rfsim5g-end-ue-10,2.10,135.00
2026-09-26 15:19:24,pc3,rfsim5g-end-ue-11,2.10,211.00
2026-09-26 15:19:24,pc3,rfsim5g-end-ue-12,3.17,134.00
2026-09-26 15:19:24,pc3,rfsim5g-end-ue-13,3.15,48.90
2026-09-26 15:19:24,pc3,rfsim5g-end-ue-14,1.05,
2026-09-26 15:19:24,pc3,rfsim5g-end-ue-15,0.00,89.50
2026-09-26 15:19:24,pc3,rfsim5g-end-ue-16,1.05,90.10
2026-09-26 15:19:30,pc3,rfsim5g-end-ue-17,0.00,104.00
2026-09-26 15:19:30,pc3,rfsim5g-end-ue-9,1.05,63.90
2026-09-26 15:19:30,pc3,rfsim5g-end-ue-10,2.10,78.50
2026-09-26 15:19:30,pc3,rfsim5g-end-ue-11,2.10,72.70
2026-09-26 15:19:30,pc3,rfsim5g-end-ue-12,3.15,87.90
2026-09-26 15:19:30,pc3,rfsim5g-end-ue-13,3.14,80.40
2026-09-26 15:19:30,pc3,rfsim5g-end-ue-14,4.19,115.00
2026-09-26 15:19:30,pc3,rfsim5g-end-ue-15,1.05,95.60
2026-09-26 15:19:30,pc3,rfsim5g-end-ue-16,0.00,96.00
2026-09-26 15:19:36,pc3,rfsim5g-end-ue-17,1.05,147.00
2026-09-26 15:19:36,pc3,rfsim5g-end-ue-9,2.10,90.50
2026-09-26 15:19:36,pc3,rfsim5g-end-ue-10,2.10,92.70
2026-09-26 15:19:36,pc3,rfsim5g-end-ue-11,2.10,94.20
2026-09-26 15:19:36,pc3,rfsim5g-end-ue-12,3.16,95.10
2026-09-26 15:19:36,pc3,rfsim5g-end-ue-13,3.15,120.00
2026-09-26 15:19:36,pc3,rfsim5g-end-ue-14,3.15,67.60
2026-09-26 15:19:36,pc3,rfsim5g-end-ue-15,0.00,125.00
2026-09-26 15:19:36,pc3,rfsim5g-end-ue-16,0.00,124.00
2026-09-26 15:19:41,pc3,rfsim5g-end-ue-17,1.05,58.00
2026-09-26 15:19:41,pc3,rfsim5g-end-ue-9,1.06,64.70
2026-09-26 15:19:41,pc3,rfsim5g-end-ue-10,2.10,74.20
2026-09-26 15:19:41,pc3,rfsim5g-end-ue-11,1.05,71.70
2026-09-26 15:19:41,pc3,rfsim5g-end-ue-12,4.19,65.30
2026-09-26 15:19:41,pc3,rfsim5g-end-ue-13,3.15,54.30
2026-09-26 15:19:41,pc3,rfsim5g-end-ue-14,3.15,77.90
2026-09-26 15:19:41,pc3,rfsim5g-end-ue-15,0.00,34.70
2026-09-26 15:19:41,pc3,rfsim5g-end-ue-16,1.05,63.70
2026-09-26 15:19:46,pc3,rfsim5g-end-ue-17,1.05,124.00
2026-09-26 15:19:46,pc3,rfsim5g-end-ue-9,2.10,111.00
2026-09-26 15:19:46,pc3,rfsim5g-end-ue-10,2.10,127.00
2026-09-26 15:19:46,pc3,rfsim5g-end-ue-11,2.10,104.00
2026-09-26 15:19:46,pc3,rfsim5g-end-ue-12,3.15,103.00
2026-09-26 15:19:46,pc3,rfsim5g-end-ue-13,3.15,93.00
2026-09-26 15:19:46,pc3,rfsim5g-end-ue-14,3.16,87.00
2026-09-26 15:19:46,pc3,rfsim5g-end-ue-15,1.05,97.70
2026-09-26 15:19:46,pc3,rfsim5g-end-ue-16,1.05,94.90
2026-09-26 15:19:51,pc3,rfsim5g-end-ue-17,1.05,103.00
2026-09-26 15:19:51,pc3,rfsim5g-end-ue-9,2.10,44.50
2026-09-26 15:19:51,pc3,rfsim5g-end-ue-10,2.10,182.00
2026-09-26 15:19:51,pc3,rfsim5g-end-ue-11,2.10,101.00
2026-09-26 15:19:51,pc3,rfsim5g-end-ue-12,3.15,144.00
2026-09-26 15:19:51,pc3,rfsim5g-end-ue-13,4.20,142.00
2026-09-26 15:19:51,pc3,rfsim5g-end-ue-14,,146.00
2026-09-26 15:19:51,pc3,rfsim5g-end-ue-15,1.05,102.00
2026-09-26 15:19:51,pc3,rfsim5g-end-ue-16,0.00,93.40
2026-09-26 15:19:57,pc3,rfsim5g-end-ue-17,1.05,115.00
2026-09-26 15:19:57,pc3,rfsim5g-end-ue-9,2.10,139.00
2026-09-26 15:19:57,pc3,rfsim5g-end-ue-10,2.10,42.10
2026-09-26 15:19:57,pc3,rfsim5g-end-ue-11,2.10,123.00
2026-09-26 15:19:57,pc3,rfsim5g-end-ue-12,3.15,143.00
2026-09-26 15:19:57,pc3,rfsim5g-end-ue-13,3.15,118.00
2026-09-26 15:19:57,pc3,rfsim5g-end-ue-14,3.15,187.00
2026-09-26 15:19:57,pc3,rfsim5g-end-ue-15,0.00,114.00
2026-09-26 15:19:57,pc3,rfsim5g-end-ue-16,0.00,115.00
2026-09-26 15:20:02,pc3,rfsim5g-end-ue-17,1.05,120.00
2026-09-26 15:20:02,pc3,rfsim5g-end-ue-9,3.15,95.10
2026-09-26 15:20:02,pc3,rfsim5g-end-ue-10,2.10,75.40
2026-09-26 15:20:02,pc3,rfsim5g-end-ue-11,2.10,73.20
2026-09-26 15:20:02,pc3,rfsim5g-end-ue-12,3.15,83.10
2026-09-26 15:20:02,pc3,rfsim5g-end-ue-13,3.15,65.30
2026-09-26 15:20:02,pc3,rfsim5g-end-ue-14,3.15,138.00
2026-09-26 15:20:02,pc3,rfsim5g-end-ue-15,0.00,88.10
2026-09-26 15:20:02,pc3,rfsim5g-end-ue-16,1.05,93.90
2026-09-26 15:20:07,pc3,rfsim5g-end-ue-17,1.05,61.10
2026-09-26 15:20:07,pc3,rfsim5g-end-ue-9,2.10,73.40
2026-09-26 15:20:07,pc3,rfsim5g-end-ue-10,1.05,59.60
2026-09-26 15:20:07,pc3,rfsim5g-end-ue-11,2.10,72.60
2026-09-26 15:20:07,pc3,rfsim5g-end-ue-12,3.15,97.80
2026-09-26 15:20:07,pc3,rfsim5g-end-ue-13,3.15,86.50
2026-09-26 15:20:07,pc3,rfsim5g-end-ue-14,3.15,206.00
2026-09-26 15:20:07,pc3,rfsim5g-end-ue-15,1.04,92.90
2026-09-26 15:20:07,pc3,rfsim5g-end-ue-16,1.05,91.70
2026-09-26 15:20:13,pc3,rfsim5g-end-ue-17,0.00,119.00
2026-09-26 15:20:13,pc3,rfsim5g-end-ue-9,1.05,60.80
2026-09-26 15:20:13,pc3,rfsim5g-end-ue-10,2.10,64.90
2026-09-26 15:20:13,pc3,rfsim5g-end-ue-11,2.10,60.40
2026-09-26 15:20:13,pc3,rfsim5g-end-ue-12,3.14,58.30
2026-09-26 15:20:13,pc3,rfsim5g-end-ue-13,3.14,71.60
2026-09-26 15:20:13,pc3,rfsim5g-end-ue-14,3.15,76.10
2026-09-26 15:20:13,pc3,rfsim5g-end-ue-15,1.05,91.60
2026-09-26 15:20:13,pc3,rfsim5g-end-ue-16,0.00,88.40
2026-09-26 15:20:18,pc3,rfsim5g-end-ue-17,0.00,99.70
2026-09-26 15:20:18,pc3,rfsim5g-end-ue-9,2.09,59.50
2026-09-26 15:20:18,pc3,rfsim5g-end-ue-10,2.10,86.30
2026-09-26 15:20:18,pc3,rfsim5g-end-ue-11,1.05,66.50
2026-09-26 15:20:18,pc3,rfsim5g-end-ue-12,3.14,61.50
2026-09-26 15:20:18,pc3,rfsim5g-end-ue-13,3.16,66.90
2026-09-26 15:20:18,pc3,rfsim5g-end-ue-14,3.15,48.10
2026-09-26 15:20:18,pc3,rfsim5g-end-ue-15,1.05,76.90
2026-09-26 15:20:18,pc3,rfsim5g-end-ue-16,0.00,93.70
2026-09-26 15:20:23,pc3,rfsim5g-end-ue-17,1.05,87.30
2026-09-26 15:20:23,pc3,rfsim5g-end-ue-9,2.10,66.80
2026-09-26 15:20:23,pc3,rfsim5g-end-ue-10,2.10,59.10
2026-09-26 15:20:23,pc3,rfsim5g-end-ue-11,2.10,99.90
2026-09-26 15:20:23,pc3,rfsim5g-end-ue-12,3.15,27.70
2026-09-26 15:20:23,pc3,rfsim5g-end-ue-13,3.16,61.90
2026-09-26 15:20:23,pc3,rfsim5g-end-ue-14,3.15,88.80
2026-09-26 15:20:23,pc3,rfsim5g-end-ue-15,0.00,96.40
2026-09-26 15:20:23,pc3,rfsim5g-end-ue-16,1.05,93.20
2026-09-26 15:20:28,pc3,rfsim5g-end-ue-17,1.05,108.00
2026-09-26 15:20:28,pc3,rfsim5g-end-ue-9,2.10,63.10
2026-09-26 15:20:28,pc3,rfsim5g-end-ue-10,2.10,61.50
2026-09-26 15:20:28,pc3,rfsim5g-end-ue-11,1.05,60.10
2026-09-26 15:20:28,pc3,rfsim5g-end-ue-12,3.15,30.50
2026-09-26 15:20:28,pc3,rfsim5g-end-ue-13,3.15,77.20
2026-09-26 15:20:28,pc3,rfsim5g-end-ue-14,4.19,87.40
2026-09-26 15:20:28,pc3,rfsim5g-end-ue-15,1.05,68.30
2026-09-26 15:20:28,pc3,rfsim5g-end-ue-16,1.04,97.00
2026-09-26 15:20:34,pc3,rfsim5g-end-ue-17,1.05,110.00
2026-09-26 15:20:34,pc3,rfsim5g-end-ue-9,1.05,60.50
2026-09-26 15:20:34,pc3,rfsim5g-end-ue-10,2.10,65.10
2026-09-26 15:20:34,pc3,rfsim5g-end-ue-11,2.10,172.00
2026-09-26 15:20:34,pc3,rfsim5g-end-ue-12,3.15,36.30
2026-09-26 15:20:34,pc3,rfsim5g-end-ue-13,4.19,62.60
2026-09-26 15:20:34,pc3,rfsim5g-end-ue-14,3.15,72.90
2026-09-26 15:20:34,pc3,rfsim5g-end-ue-15,1.05,84.70
2026-09-26 15:20:34,pc3,rfsim5g-end-ue-16,0.00,49.00
2026-09-26 15:20:39,pc3,rfsim5g-end-ue-17,0.00,62.40
2026-09-26 15:20:39,pc3,rfsim5g-end-ue-9,2.10,64.20
2026-09-26 15:20:39,pc3,rfsim5g-end-ue-10,2.10,65.60
2026-09-26 15:20:39,pc3,rfsim5g-end-ue-11,2.10,142.00
2026-09-26 15:20:39,pc3,rfsim5g-end-ue-12,3.15,62.40
2026-09-26 15:20:39,pc3,rfsim5g-end-ue-13,3.14,83.70
2026-09-26 15:20:39,pc3,rfsim5g-end-ue-14,3.15,47.60
2026-09-26 15:20:39,pc3,rfsim5g-end-ue-15,1.05,59.30
2026-09-26 15:20:39,pc3,rfsim5g-end-ue-16,0.00,56.30
2026-09-26 15:20:44,pc3,rfsim5g-end-ue-17,1.05,117.00
2026-09-26 15:20:44,pc3,rfsim5g-end-ue-9,2.10,66.60
2026-09-26 15:20:44,pc3,rfsim5g-end-ue-10,2.10,66.60
2026-09-26 15:20:44,pc3,rfsim5g-end-ue-11,2.10,153.00
2026-09-26 15:20:44,pc3,rfsim5g-end-ue-12,3.16,61.70
2026-09-26 15:20:44,pc3,rfsim5g-end-ue-13,3.13,60.60
2026-09-26 15:20:44,pc3,rfsim5g-end-ue-14,3.14,42.90
2026-09-26 15:20:44,pc3,rfsim5g-end-ue-15,0.00,65.00
2026-09-26 15:20:44,pc3,rfsim5g-end-ue-16,1.05,58.20
2026-09-26 15:20:49,pc3,rfsim5g-end-ue-17,1.05,121.00
2026-09-26 15:20:49,pc3,rfsim5g-end-ue-9,2.09,65.20
2026-09-26 15:20:49,pc3,rfsim5g-end-ue-10,1.05,66.60
2026-09-26 15:20:49,pc3,rfsim5g-end-ue-11,2.10,130.00
2026-09-26 15:20:49,pc3,rfsim5g-end-ue-12,3.15,63.60
2026-09-26 15:20:49,pc3,rfsim5g-end-ue-13,2.10,88.50
2026-09-26 15:20:49,pc3,rfsim5g-end-ue-14,4.19,67.10
2026-09-26 15:20:49,pc3,rfsim5g-end-ue-15,1.05,80.90
2026-09-26 15:20:49,pc3,rfsim5g-end-ue-16,1.05,84.60
2026-09-26 15:20:55,pc3,rfsim5g-end-ue-17,1.05,132.00
2026-09-26 15:20:55,pc3,rfsim5g-end-ue-9,2.10,62.50
2026-09-26 15:20:55,pc3,rfsim5g-end-ue-10,2.10,65.10
2026-09-26 15:20:55,pc3,rfsim5g-end-ue-11,2.10,139.00
2026-09-26 15:20:55,pc3,rfsim5g-end-ue-12,3.15,32.60
2026-09-26 15:20:55,pc3,rfsim5g-end-ue-13,3.15,83.70
2026-09-26 15:20:55,pc3,rfsim5g-end-ue-14,3.15,35.90
2026-09-26 15:20:55,pc3,rfsim5g-end-ue-15,1.05,59.10
2026-09-26 15:20:55,pc3,rfsim5g-end-ue-16,1.05,82.00
2026-09-26 15:21:00,pc3,rfsim5g-end-ue-17,0.00,115.00
2026-09-26 15:21:00,pc3,rfsim5g-end-ue-9,2.10,46.50
2026-09-26 15:21:00,pc3,rfsim5g-end-ue-10,1.05,62.70
2026-09-26 15:21:00,pc3,rfsim5g-end-ue-11,1.05,128.00
2026-09-26 15:21:00,pc3,rfsim5g-end-ue-12,3.14,23.80
2026-09-26 15:21:00,pc3,rfsim5g-end-ue-13,3.15,64.00
2026-09-26 15:21:00,pc3,rfsim5g-end-ue-14,3.15,51.10
2026-09-26 15:21:00,pc3,rfsim5g-end-ue-15,0.00,93.50
2026-09-26 15:21:00,pc3,rfsim5g-end-ue-16,1.05,79.60
2026-09-26 15:21:05,pc3,rfsim5g-end-ue-17,1.05,132.00
2026-09-26 15:21:05,pc3,rfsim5g-end-ue-9,2.10,61.60
2026-09-26 15:21:05,pc3,rfsim5g-end-ue-10,2.10,66.40
2026-09-26 15:21:05,pc3,rfsim5g-end-ue-11,2.10,112.00
2026-09-26 15:21:05,pc3,rfsim5g-end-ue-12,3.15,58.50
2026-09-26 15:21:05,pc3,rfsim5g-end-ue-13,3.13,79.10
2026-09-26 15:21:05,pc3,rfsim5g-end-ue-14,3.15,22.70
2026-09-26 15:21:05,pc3,rfsim5g-end-ue-15,0.00,101.00
2026-09-26 15:21:05,pc3,rfsim5g-end-ue-16,1.05,101.00
2026-09-26 15:21:10,pc3,rfsim5g-end-ue-17,1.05,132.00
2026-09-26 15:21:10,pc3,rfsim5g-end-ue-9,2.10,66.30
2026-09-26 15:21:10,pc3,rfsim5g-end-ue-10,1.05,63.50
2026-09-26 15:21:10,pc3,rfsim5g-end-ue-11,2.10,88.70
2026-09-26 15:21:10,pc3,rfsim5g-end-ue-12,3.15,58.40
2026-09-26 15:21:10,pc3,rfsim5g-end-ue-13,2.10,74.20
2026-09-26 15:21:10,pc3,rfsim5g-end-ue-14,3.15,72.40
2026-09-26 15:21:10,pc3,rfsim5g-end-ue-15,1.05,81.30
2026-09-26 15:21:10,pc3,rfsim5g-end-ue-16,1.05,78.90
2026-09-26 15:21:16,pc3,rfsim5g-end-ue-17,1.05,131.00
2026-09-26 15:21:16,pc3,rfsim5g-end-ue-9,2.10,67.80
2026-09-26 15:21:16,pc3,rfsim5g-end-ue-10,2.10,68.30
2026-09-26 15:21:16,pc3,rfsim5g-end-ue-11,2.10,157.00
2026-09-26 15:21:16,pc3,rfsim5g-end-ue-12,3.15,63.30
2026-09-26 15:21:16,pc3,rfsim5g-end-ue-13,3.08,63.70
2026-09-26 15:21:16,pc3,rfsim5g-end-ue-14,3.14,32.00
2026-09-26 15:21:16,pc3,rfsim5g-end-ue-15,1.05,57.50
2026-09-26 15:21:16,pc3,rfsim5g-end-ue-16,0.00,79.30
2026-09-26 15:21:21,pc3,rfsim5g-end-ue-17,0.00,132.00
2026-09-26 15:21:21,pc3,rfsim5g-end-ue-9,2.10,79.70
2026-09-26 15:21:21,pc3,rfsim5g-end-ue-10,1.05,68.90
2026-09-26 15:21:21,pc3,rfsim5g-end-ue-11,1.05,199.00
2026-09-26 15:21:21,pc3,rfsim5g-end-ue-12,3.15,78.40
2026-09-26 15:21:21,pc3,rfsim5g-end-ue-13,3.15,74.40
2026-09-26 15:21:21,pc3,rfsim5g-end-ue-14,3.15,22.80
2026-09-26 15:21:21,pc3,rfsim5g-end-ue-15,1.05,53.70
2026-09-26 15:21:21,pc3,rfsim5g-end-ue-16,0.00,77.50
2026-09-26 15:21:26,pc3,rfsim5g-end-ue-17,0.00,157.00
2026-09-26 15:21:26,pc3,rfsim5g-end-ue-9,2.09,65.60
2026-09-26 15:21:26,pc3,rfsim5g-end-ue-10,2.10,63.50
2026-09-26 15:21:26,pc3,rfsim5g-end-ue-11,2.10,142.00
2026-09-26 15:21:26,pc3,rfsim5g-end-ue-12,3.17,64.20
2026-09-26 15:21:26,pc3,rfsim5g-end-ue-13,4.19,66.10
2026-09-26 15:21:26,pc3,rfsim5g-end-ue-14,3.15,63.60
2026-09-26 15:21:26,pc3,rfsim5g-end-ue-15,0.00,87.10
2026-09-26 15:21:26,pc3,rfsim5g-end-ue-16,1.05,70.70
2026-09-26 15:21:31,pc3,rfsim5g-end-ue-17,2.10,71.80
2026-09-26 15:21:31,pc3,rfsim5g-end-ue-9,4.20,273.00
2026-09-26 15:21:31,pc3,rfsim5g-end-ue-10,3.13,239.00
2026-09-26 15:21:31,pc3,rfsim5g-end-ue-11,,235.00
2026-09-26 15:21:31,pc3,rfsim5g-end-ue-12,3.14,
2026-09-26 15:21:31,pc3,rfsim5g-end-ue-13,3.15,71.10
2026-09-26 15:21:31,pc3,rfsim5g-end-ue-14,3.13,168.00
2026-09-26 15:21:31,pc3,rfsim5g-end-ue-15,1.05,90.70
2026-09-26 15:21:31,pc3,rfsim5g-end-ue-16,1.05,114.00
2026-09-26 15:21:38,pc3,rfsim5g-end-ue-17,2.10,153.00
2026-09-26 15:21:38,pc3,rfsim5g-end-ue-9,1.05,641.00
2026-09-26 15:21:38,pc3,rfsim5g-end-ue-10,2.10,104.00
2026-09-26 15:21:38,pc3,rfsim5g-end-ue-11,3.14,137.00
2026-09-26 15:21:38,pc3,rfsim5g-end-ue-12,5.24,206.00
2026-09-26 15:21:38,pc3,rfsim5g-end-ue-13,1.05,79.60
2026-09-26 15:21:38,pc3,rfsim5g-end-ue-14,1.05,83.50
2026-09-26 15:21:38,pc3,rfsim5g-end-ue-15,0.00,176.00
2026-09-26 15:21:38,pc3,rfsim5g-end-ue-16,,105.00
2026-09-26 15:21:44,pc3,rfsim5g-end-ue-17,2.10,78.10
2026-09-26 15:21:44,pc3,rfsim5g-end-ue-9,2.10,54.70
2026-09-26 15:21:44,pc3,rfsim5g-end-ue-10,3.15,56.80
2026-09-26 15:21:44,pc3,rfsim5g-end-ue-11,3.15,135.00
2026-09-26 15:21:44,pc3,rfsim5g-end-ue-12,1.05,597.00
2026-09-26 15:21:44,pc3,rfsim5g-end-ue-13,1.05,96.60
2026-09-26 15:21:44,pc3,rfsim5g-end-ue-14,1.05,88.90
2026-09-26 15:21:44,pc3,rfsim5g-end-ue-15,1.05,100.00
2026-09-26 15:21:44,pc3,rfsim5g-end-ue-16,1.05,66.10
2026-09-26 15:21:49,pc3,rfsim5g-end-ue-17,2.10,119.00
2026-09-26 15:21:49,pc3,rfsim5g-end-ue-9,2.10,61.70
2026-09-26 15:21:49,pc3,rfsim5g-end-ue-10,3.15,77.10
2026-09-26 15:21:49,pc3,rfsim5g-end-ue-11,3.15,100.00
2026-09-26 15:21:49,pc3,rfsim5g-end-ue-12,4.22,167.00
2026-09-26 15:21:49,pc3,rfsim5g-end-ue-13,1.05,83.30
2026-09-26 15:21:49,pc3,rfsim5g-end-ue-14,1.05,83.50
2026-09-26 15:21:49,pc3,rfsim5g-end-ue-15,0.00,87.60
2026-09-26 15:21:49,pc3,rfsim5g-end-ue-16,2.10,44.60
2026-09-26 15:21:55,pc3,rfsim5g-end-ue-17,2.10,99.60
2026-09-26 15:21:55,pc3,rfsim5g-end-ue-9,2.09,57.60
2026-09-26 15:21:55,pc3,rfsim5g-end-ue-10,3.18,82.60
2026-09-26 15:21:55,pc3,rfsim5g-end-ue-11,3.15,78.20
2026-09-26 15:21:55,pc3,rfsim5g-end-ue-12,3.15,40.60
2026-09-26 15:21:55,pc3,rfsim5g-end-ue-13,1.05,88.90
2026-09-26 15:21:55,pc3,rfsim5g-end-ue-14,0.00,90.40
2026-09-26 15:21:55,pc3,rfsim5g-end-ue-15,1.05,76.80
2026-09-26 15:21:55,pc3,rfsim5g-end-ue-16,2.09,27.80
2026-09-26 15:22:00,pc3,rfsim5g-end-ue-17,2.10,111.00
2026-09-26 15:22:00,pc3,rfsim5g-end-ue-9,2.10,44.30
2026-09-26 15:22:00,pc3,rfsim5g-end-ue-10,3.15,81.30
2026-09-26 15:22:00,pc3,rfsim5g-end-ue-11,4.19,84.50
2026-09-26 15:22:00,pc3,rfsim5g-end-ue-12,3.15,24.90
2026-09-26 15:22:00,pc3,rfsim5g-end-ue-13,1.05,91.40
2026-09-26 15:22:00,pc3,rfsim5g-end-ue-14,1.04,90.90
2026-09-26 15:22:00,pc3,rfsim5g-end-ue-15,0.00,78.40
2026-09-26 15:22:00,pc3,rfsim5g-end-ue-16,2.10,66.10
2026-09-26 15:22:05,pc3,rfsim5g-end-ue-17,2.10,123.00
2026-09-26 15:22:05,pc3,rfsim5g-end-ue-9,2.10,84.30
2026-09-26 15:22:05,pc3,rfsim5g-end-ue-10,3.14,26.50
2026-09-26 15:22:05,pc3,rfsim5g-end-ue-11,3.14,85.20
2026-09-26 15:22:05,pc3,rfsim5g-end-ue-12,3.15,101.00
2026-09-26 15:22:05,pc3,rfsim5g-end-ue-13,0.00,88.70
2026-09-26 15:22:05,pc3,rfsim5g-end-ue-14,1.05,83.10
2026-09-26 15:22:05,pc3,rfsim5g-end-ue-15,1.05,91.90
2026-09-26 15:22:05,pc3,rfsim5g-end-ue-16,2.10,63.70
2026-09-26 15:22:11,pc3,rfsim5g-end-ue-17,2.10,112.00
2026-09-26 15:22:11,pc3,rfsim5g-end-ue-9,2.10,86.10
2026-09-26 15:22:11,pc3,rfsim5g-end-ue-10,3.16,30.70
2026-09-26 15:22:11,pc3,rfsim5g-end-ue-11,3.16,94.10
2026-09-26 15:22:11,pc3,rfsim5g-end-ue-12,3.15,89.40
2026-09-26 15:22:11,pc3,rfsim5g-end-ue-13,1.05,53.00
2026-09-26 15:22:11,pc3,rfsim5g-end-ue-14,1.05,108.00
2026-09-26 15:22:11,pc3,rfsim5g-end-ue-15,1.05,89.00
2026-09-26 15:22:11,pc3,rfsim5g-end-ue-16,2.10,64.60
2026-09-26 15:22:16,pc3,rfsim5g-end-ue-17,2.10,133.00
2026-09-26 15:22:16,pc3,rfsim5g-end-ue-9,2.10,38.50
2026-09-26 15:22:16,pc3,rfsim5g-end-ue-10,2.10,59.50
2026-09-26 15:22:16,pc3,rfsim5g-end-ue-11,3.15,101.00
2026-09-26 15:22:16,pc3,rfsim5g-end-ue-12,3.15,71.50
2026-09-26 15:22:16,pc3,rfsim5g-end-ue-13,1.05,75.40
2026-09-26 15:22:16,pc3,rfsim5g-end-ue-14,0.00,82.20
2026-09-26 15:22:16,pc3,rfsim5g-end-ue-15,1.05,84.80
2026-09-26 15:22:16,pc3,rfsim5g-end-ue-16,1.05,67.20
2026-09-26 15:22:21,pc3,rfsim5g-end-ue-17,2.10,126.00
2026-09-26 15:22:21,pc3,rfsim5g-end-ue-9,1.05,65.90
2026-09-26 15:22:21,pc3,rfsim5g-end-ue-10,3.14,58.10
2026-09-26 15:22:21,pc3,rfsim5g-end-ue-11,3.15,66.20
2026-09-26 15:22:21,pc3,rfsim5g-end-ue-12,3.14,68.00
2026-09-26 15:22:21,pc3,rfsim5g-end-ue-13,1.05,91.60
2026-09-26 15:22:21,pc3,rfsim5g-end-ue-14,1.05,91.80
2026-09-26 15:22:21,pc3,rfsim5g-end-ue-15,0.00,90.90
2026-09-26 15:22:21,pc3,rfsim5g-end-ue-16,2.10,67.90
2026-09-26 15:22:26,pc3,rfsim5g-end-ue-17,2.10,116.00
2026-09-26 15:22:26,pc3,rfsim5g-end-ue-9,2.10,64.50
2026-09-26 15:22:26,pc3,rfsim5g-end-ue-10,3.15,65.60
2026-09-26 15:22:26,pc3,rfsim5g-end-ue-11,3.15,60.50
2026-09-26 15:22:26,pc3,rfsim5g-end-ue-12,3.14,38.60
2026-09-26 15:22:26,pc3,rfsim5g-end-ue-13,0.00,72.60
2026-09-26 15:22:26,pc3,rfsim5g-end-ue-14,1.05,96.20
2026-09-26 15:22:26,pc3,rfsim5g-end-ue-15,1.05,83.70
2026-09-26 15:22:26,pc3,rfsim5g-end-ue-16,1.04,67.60
2026-09-26 15:22:32,pc3,rfsim5g-end-ue-17,2.10,116.00
2026-09-26 15:22:32,pc3,rfsim5g-end-ue-9,2.09,61.70
2026-09-26 15:22:32,pc3,rfsim5g-end-ue-10,3.15,60.50
2026-09-26 15:22:32,pc3,rfsim5g-end-ue-11,3.15,67.20
2026-09-26 15:22:32,pc3,rfsim5g-end-ue-12,3.15,80.70
2026-09-26 15:22:32,pc3,rfsim5g-end-ue-13,0.00,82.20
2026-09-26 15:22:32,pc3,rfsim5g-end-ue-14,1.05,92.70
2026-09-26 15:22:32,pc3,rfsim5g-end-ue-15,1.05,48.40
2026-09-26 15:22:32,pc3,rfsim5g-end-ue-16,2.10,57.80
2026-09-26 15:22:37,pc3,rfsim5g-end-ue-17,2.10,125.00
2026-09-26 15:22:37,pc3,rfsim5g-end-ue-9,2.10,77.50
2026-09-26 15:22:37,pc3,rfsim5g-end-ue-10,3.15,74.90
2026-09-26 15:22:37,pc3,rfsim5g-end-ue-11,3.15,98.60
2026-09-26 15:22:37,pc3,rfsim5g-end-ue-12,3.15,69.80
2026-09-26 15:22:37,pc3,rfsim5g-end-ue-13,1.05,88.70
2026-09-26 15:22:37,pc3,rfsim5g-end-ue-14,0.00,93.20
2026-09-26 15:22:37,pc3,rfsim5g-end-ue-15,1.05,106.00
2026-09-26 15:22:37,pc3,rfsim5g-end-ue-16,1.05,62.80
2026-09-26 15:22:42,pc3,rfsim5g-end-ue-17,2.10,121.00
2026-09-26 15:22:42,pc3,rfsim5g-end-ue-9,1.05,65.20
2026-09-26 15:22:42,pc3,rfsim5g-end-ue-10,3.15,70.20
2026-09-26 15:22:42,pc3,rfsim5g-end-ue-11,3.15,72.10
2026-09-26 15:22:42,pc3,rfsim5g-end-ue-12,3.15,71.70
2026-09-26 15:22:42,pc3,rfsim5g-end-ue-13,1.05,71.30
2026-09-26 15:22:42,pc3,rfsim5g-end-ue-14,1.05,80.40
2026-09-26 15:22:42,pc3,rfsim5g-end-ue-15,0.00,83.20
2026-09-26 15:22:42,pc3,rfsim5g-end-ue-16,2.09,57.40
2026-09-26 15:22:47,pc3,rfsim5g-end-ue-17,2.10,122.00
2026-09-26 15:22:47,pc3,rfsim5g-end-ue-9,2.10,98.20
2026-09-26 15:22:47,pc3,rfsim5g-end-ue-10,3.14,75.00
2026-09-26 15:22:47,pc3,rfsim5g-end-ue-11,3.15,83.80
2026-09-26 15:22:47,pc3,rfsim5g-end-ue-12,3.17,78.10
2026-09-26 15:22:47,pc3,rfsim5g-end-ue-13,1.04,84.30
2026-09-26 15:22:47,pc3,rfsim5g-end-ue-14,1.05,89.00
2026-09-26 15:22:47,pc3,rfsim5g-end-ue-15,1.05,88.40
2026-09-26 15:22:47,pc3,rfsim5g-end-ue-16,2.10,69.80
2026-09-26 15:22:53,pc3,rfsim5g-end-ue-17,2.10,112.00
2026-09-26 15:22:53,pc3,rfsim5g-end-ue-9,2.10,67.10
2026-09-26 15:22:53,pc3,rfsim5g-end-ue-10,3.15,68.50
2026-09-26 15:22:53,pc3,rfsim5g-end-ue-11,3.15,74.80
2026-09-26 15:22:53,pc3,rfsim5g-end-ue-12,3.15,73.80
2026-09-26 15:22:53,pc3,rfsim5g-end-ue-13,0.00,92.60
2026-09-26 15:22:53,pc3,rfsim5g-end-ue-14,1.05,95.10
2026-09-26 15:22:53,pc3,rfsim5g-end-ue-15,1.05,88.10
2026-09-26 15:22:53,pc3,rfsim5g-end-ue-16,2.11,67.20
2026-09-26 15:22:58,pc3,rfsim5g-end-ue-17,2.10,115.00
2026-09-26 15:22:58,pc3,rfsim5g-end-ue-9,2.10,84.50
2026-09-26 15:22:58,pc3,rfsim5g-end-ue-10,3.15,21.30
2026-09-26 15:22:58,pc3,rfsim5g-end-ue-11,2.10,83.80
2026-09-26 15:22:58,pc3,rfsim5g-end-ue-12,3.15,83.90
2026-09-26 15:22:58,pc3,rfsim5g-end-ue-13,1.05,83.80
2026-09-26 15:22:58,pc3,rfsim5g-end-ue-14,0.00,86.30
2026-09-26 15:22:58,pc3,rfsim5g-end-ue-15,1.05,89.70
2026-09-26 15:22:58,pc3,rfsim5g-end-ue-16,1.05,63.50
2026-09-26 15:23:03,pc3,rfsim5g-end-ue-17,2.10,119.00
2026-09-26 15:23:03,pc3,rfsim5g-end-ue-9,2.10,71.60
2026-09-26 15:23:03,pc3,rfsim5g-end-ue-10,3.15,66.30
2026-09-26 15:23:03,pc3,rfsim5g-end-ue-11,3.15,75.40
2026-09-26 15:23:03,pc3,rfsim5g-end-ue-12,3.15,84.40
2026-09-26 15:23:03,pc3,rfsim5g-end-ue-13,1.05,90.40
2026-09-26 15:23:03,pc3,rfsim5g-end-ue-14,1.05,90.60
2026-09-26 15:23:03,pc3,rfsim5g-end-ue-15,0.00,95.50
2026-09-26 15:23:03,pc3,rfsim5g-end-ue-16,2.10,67.40
2026-09-26 15:23:08,pc3,rfsim5g-end-ue-17,2.10,120.00
2026-09-26 15:23:08,pc3,rfsim5g-end-ue-9,2.10,84.80
2026-09-26 15:23:08,pc3,rfsim5g-end-ue-10,3.15,82.40
2026-09-26 15:23:08,pc3,rfsim5g-end-ue-11,3.15,90.30
2026-09-26 15:23:08,pc3,rfsim5g-end-ue-12,3.16,84.80
2026-09-26 15:23:08,pc3,rfsim5g-end-ue-13,0.00,88.90
2026-09-26 15:23:08,pc3,rfsim5g-end-ue-14,1.05,89.10
2026-09-26 15:23:08,pc3,rfsim5g-end-ue-15,1.05,88.80
2026-09-26 15:23:08,pc3,rfsim5g-end-ue-16,2.10,64.90
2026-09-26 15:23:13,pc3,rfsim5g-end-ue-17,2.10,115.00
2026-09-26 15:23:13,pc3,rfsim5g-end-ue-9,2.13,82.60
2026-09-26 15:23:13,pc3,rfsim5g-end-ue-10,3.15,27.50
2026-09-26 15:23:13,pc3,rfsim5g-end-ue-11,3.15,97.00
2026-09-26 15:23:13,pc3,rfsim5g-end-ue-12,3.15,67.10
2026-09-26 15:23:13,pc3,rfsim5g-end-ue-13,0.00,82.80
2026-09-26 15:23:13,pc3,rfsim5g-end-ue-14,1.05,92.30
2026-09-26 15:23:13,pc3,rfsim5g-end-ue-15,1.05,95.80
2026-09-26 15:23:13,pc3,rfsim5g-end-ue-16,2.10,62.80
2026-09-26 15:23:19,pc3,rfsim5g-end-ue-17,2.10,99.40
2026-09-26 15:23:19,pc3,rfsim5g-end-ue-9,2.10,80.70
2026-09-26 15:23:19,pc3,rfsim5g-end-ue-10,3.15,77.10
2026-09-26 15:23:19,pc3,rfsim5g-end-ue-11,2.10,107.00
2026-09-26 15:23:19,pc3,rfsim5g-end-ue-12,3.14,76.20
2026-09-26 15:23:19,pc3,rfsim5g-end-ue-13,1.05,89.90
2026-09-26 15:23:19,pc3,rfsim5g-end-ue-14,0.00,91.20
2026-09-26 15:23:19,pc3,rfsim5g-end-ue-15,1.05,92.70
2026-09-26 15:23:19,pc3,rfsim5g-end-ue-16,2.10,62.40
2026-09-26 15:23:24,pc3,rfsim5g-end-ue-17,2.10,118.00
2026-09-26 15:23:24,pc3,rfsim5g-end-ue-9,2.09,113.00
2026-09-26 15:23:24,pc3,rfsim5g-end-ue-10,3.15,95.60
2026-09-26 15:23:24,pc3,rfsim5g-end-ue-11,4.19,111.00
2026-09-26 15:23:24,pc3,rfsim5g-end-ue-12,4.19,103.00
2026-09-26 15:23:24,pc3,rfsim5g-end-ue-13,1.05,82.40
2026-09-26 15:23:24,pc3,rfsim5g-end-ue-14,0.00,84.70
2026-09-26 15:23:24,pc3,rfsim5g-end-ue-15,0.00,91.10
2026-09-26 15:23:24,pc3,rfsim5g-end-ue-16,2.10,62.60
2026-09-26 15:23:29,pc3,rfsim5g-end-ue-17,2.10,93.50
2026-09-26 15:23:29,pc3,rfsim5g-end-ue-9,2.10,62.40
2026-09-26 15:23:29,pc3,rfsim5g-end-ue-10,4.19,61.20
2026-09-26 15:23:29,pc3,rfsim5g-end-ue-11,3.15,64.70
2026-09-26 15:23:29,pc3,rfsim5g-end-ue-12,3.15,59.00
2026-09-26 15:23:29,pc3,rfsim5g-end-ue-13,1.05,87.80
2026-09-26 15:23:29,pc3,rfsim5g-end-ue-14,1.05,55.40
2026-09-26 15:23:29,pc3,rfsim5g-end-ue-15,1.05,90.20
2026-09-26 15:23:29,pc3,rfsim5g-end-ue-16,2.09,58.90
2026-09-26 15:23:34,pc3,rfsim5g-end-ue-17,2.10,120.00
2026-09-26 15:23:34,pc3,rfsim5g-end-ue-9,2.10,105.00
2026-09-26 15:23:34,pc3,rfsim5g-end-ue-10,3.14,103.00
2026-09-26 15:23:34,pc3,rfsim5g-end-ue-11,3.15,101.00
2026-09-26 15:23:34,pc3,rfsim5g-end-ue-12,3.15,95.00
2026-09-26 15:23:34,pc3,rfsim5g-end-ue-13,0.00,87.50
2026-09-26 15:23:34,pc3,rfsim5g-end-ue-14,1.05,84.40
2026-09-26 15:23:34,pc3,rfsim5g-end-ue-15,1.05,84.70
2026-09-26 15:23:34,pc3,rfsim5g-end-ue-16,2.10,66.30
2026-09-26 15:23:40,pc3,rfsim5g-end-ue-17,2.10,109.00
2026-09-26 15:23:40,pc3,rfsim5g-end-ue-9,2.10,95.00
2026-09-26 15:23:40,pc3,rfsim5g-end-ue-10,3.15,100.00
2026-09-26 15:23:40,pc3,rfsim5g-end-ue-11,3.15,96.60
2026-09-26 15:23:40,pc3,rfsim5g-end-ue-12,4.20,96.50
2026-09-26 15:23:40,pc3,rfsim5g-end-ue-13,1.05,88.90
2026-09-26 15:23:40,pc3,rfsim5g-end-ue-14,0.00,80.60
2026-09-26 15:23:40,pc3,rfsim5g-end-ue-15,1.05,89.50
2026-09-26 15:23:40,pc3,rfsim5g-end-ue-16,2.10,60.50
2026-09-26 15:23:45,pc3,rfsim5g-end-ue-17,2.10,124.00
2026-09-26 15:23:45,pc3,rfsim5g-end-ue-9,,65.50
2026-09-26 15:23:45,pc3,rfsim5g-end-ue-10,3.15,79.80
2026-09-26 15:23:45,pc3,rfsim5g-end-ue-11,3.15,323.00
2026-09-26 15:23:45,pc3,rfsim5g-end-ue-12,3.15,75.40
2026-09-26 15:23:45,pc3,rfsim5g-end-ue-13,1.05,85.00
2026-09-26 15:23:45,pc3,rfsim5g-end-ue-14,1.05,88.40
2026-09-26 15:23:45,pc3,rfsim5g-end-ue-15,0.00,87.40
2026-09-26 15:23:45,pc3,rfsim5g-end-ue-16,2.10,58.10
2026-09-26 15:23:50,pc3,rfsim5g-end-ue-17,1.05,
2026-09-26 15:23:50,pc3,rfsim5g-end-ue-9,3.15,135.00
2026-09-26 15:23:50,pc3,rfsim5g-end-ue-10,3.15,120.00
2026-09-26 15:23:50,pc3,rfsim5g-end-ue-11,2.10,
2026-09-26 15:23:50,pc3,rfsim5g-end-ue-12,1.05,130.00
2026-09-26 15:23:50,pc3,rfsim5g-end-ue-13,1.05,96.70
2026-09-26 15:23:50,pc3,rfsim5g-end-ue-14,1.03,107.00
2026-09-26 15:23:50,pc3,rfsim5g-end-ue-15,2.10,118.00
2026-09-26 15:23:50,pc3,rfsim5g-end-ue-16,2.10,113.00
2026-09-26 15:23:57,pc3,rfsim5g-end-ue-17,2.10,108.00
2026-09-26 15:23:57,pc3,rfsim5g-end-ue-9,2.10,132.00
2026-09-26 15:23:57,pc3,rfsim5g-end-ue-10,2.10,91.90
2026-09-26 15:23:57,pc3,rfsim5g-end-ue-11,5.24,945.00
2026-09-26 15:23:57,pc3,rfsim5g-end-ue-12,1.05,118.00
2026-09-26 15:23:57,pc3,rfsim5g-end-ue-13,1.05,105.00
2026-09-26 15:23:57,pc3,rfsim5g-end-ue-14,0.00,311.00
2026-09-26 15:23:57,pc3,rfsim5g-end-ue-15,2.09,74.80
2026-09-26 15:23:57,pc3,rfsim5g-end-ue-16,2.10,72.90
2026-09-26 15:24:03,pc3,rfsim5g-end-ue-17,1.05,124.00
2026-09-26 15:24:03,pc3,rfsim5g-end-ue-9,3.15,68.00
2026-09-26 15:24:03,pc3,rfsim5g-end-ue-10,3.15,114.00
2026-09-26 15:24:03,pc3,rfsim5g-end-ue-11,3.15,80.80
2026-09-26 15:24:03,pc3,rfsim5g-end-ue-12,0.00,127.00
2026-09-26 15:24:03,pc3,rfsim5g-end-ue-13,1.05,115.00
2026-09-26 15:24:03,pc3,rfsim5g-end-ue-14,1.05,311.00
2026-09-26 15:24:03,pc3,rfsim5g-end-ue-15,2.10,95.20
2026-09-26 15:24:03,pc3,rfsim5g-end-ue-16,1.05,91.50
2026-09-26 15:24:08,pc3,rfsim5g-end-ue-17,2.10,136.00
2026-09-26 15:24:08,pc3,rfsim5g-end-ue-9,3.15,41.40
2026-09-26 15:24:08,pc3,rfsim5g-end-ue-10,3.16,69.10
2026-09-26 15:24:08,pc3,rfsim5g-end-ue-11,3.15,77.70
2026-09-26 15:24:08,pc3,rfsim5g-end-ue-12,1.05,80.20
2026-09-26 15:24:08,pc3,rfsim5g-end-ue-13,0.00,113.00
2026-09-26 15:24:08,pc3,rfsim5g-end-ue-14,1.05,75.90
2026-09-26 15:24:08,pc3,rfsim5g-end-ue-15,2.10,27.80
2026-09-26 15:24:08,pc3,rfsim5g-end-ue-16,2.10,71.40
2026-09-26 15:24:14,pc3,rfsim5g-end-ue-17,1.05,46.60
2026-09-26 15:24:14,pc3,rfsim5g-end-ue-9,2.10,93.90
2026-09-26 15:24:14,pc3,rfsim5g-end-ue-10,3.14,83.00
2026-09-26 15:24:14,pc3,rfsim5g-end-ue-11,3.15,213.00
2026-09-26 15:24:14,pc3,rfsim5g-end-ue-12,1.05,74.50
2026-09-26 15:24:14,pc3,rfsim5g-end-ue-13,1.05,80.30
2026-09-26 15:24:14,pc3,rfsim5g-end-ue-14,0.00,89.60
2026-09-26 15:24:14,pc3,rfsim5g-end-ue-15,2.10,51.70
2026-09-26 15:24:14,pc3,rfsim5g-end-ue-16,2.10,76.30
2026-09-26 15:24:19,pc3,rfsim5g-end-ue-17,2.10,108.00
2026-09-26 15:24:19,pc3,rfsim5g-end-ue-9,3.15,105.00
2026-09-26 15:24:19,pc3,rfsim5g-end-ue-10,3.15,105.00
2026-09-26 15:24:19,pc3,rfsim5g-end-ue-11,4.19,90.50
2026-09-26 15:24:19,pc3,rfsim5g-end-ue-12,0.00,118.00
2026-09-26 15:24:19,pc3,rfsim5g-end-ue-13,1.05,70.00
2026-09-26 15:24:19,pc3,rfsim5g-end-ue-14,1.05,107.00
2026-09-26 15:24:19,pc3,rfsim5g-end-ue-15,2.10,92.70
2026-09-26 15:24:19,pc3,rfsim5g-end-ue-16,2.10,74.90
2026-09-26 15:24:24,pc3,rfsim5g-end-ue-17,1.05,126.00
2026-09-26 15:24:24,pc3,rfsim5g-end-ue-9,3.15,70.10
2026-09-26 15:24:24,pc3,rfsim5g-end-ue-10,3.15,76.90
2026-09-26 15:24:24,pc3,rfsim5g-end-ue-11,3.15,70.90
2026-09-26 15:24:24,pc3,rfsim5g-end-ue-12,1.04,76.90
2026-09-26 15:24:24,pc3,rfsim5g-end-ue-13,0.00,82.10
2026-09-26 15:24:24,pc3,rfsim5g-end-ue-14,1.05,86.40
2026-09-26 15:24:24,pc3,rfsim5g-end-ue-15,2.09,72.70
2026-09-26 15:24:24,pc3,rfsim5g-end-ue-16,2.11,67.50
2026-09-26 15:24:30,pc3,rfsim5g-end-ue-17,2.10,102.00
2026-09-26 15:24:30,pc3,rfsim5g-end-ue-9,3.15,73.50
2026-09-26 15:24:30,pc3,rfsim5g-end-ue-10,4.19,74.00
2026-09-26 15:24:30,pc3,rfsim5g-end-ue-11,3.15,77.60
2026-09-26 15:24:30,pc3,rfsim5g-end-ue-12,1.05,81.20
2026-09-26 15:24:30,pc3,rfsim5g-end-ue-13,0.00,83.70
2026-09-26 15:24:30,pc3,rfsim5g-end-ue-14,1.05,86.90
2026-09-26 15:24:30,pc3,rfsim5g-end-ue-15,2.10,28.80
2026-09-26 15:24:30,pc3,rfsim5g-end-ue-16,2.11,77.40
2026-09-26 15:24:35,pc3,rfsim5g-end-ue-17,1.05,117.00
2026-09-26 15:24:35,pc3,rfsim5g-end-ue-9,3.15,56.80
2026-09-26 15:24:35,pc3,rfsim5g-end-ue-10,3.14,115.00
2026-09-26 15:24:35,pc3,rfsim5g-end-ue-11,3.15,107.00
2026-09-26 15:24:35,pc3,rfsim5g-end-ue-12,1.05,31.80
2026-09-26 15:24:35,pc3,rfsim5g-end-ue-13,1.05,94.20
2026-09-26 15:24:35,pc3,rfsim5g-end-ue-14,0.00,100.00
2026-09-26 15:24:35,pc3,rfsim5g-end-ue-15,2.10,57.70
2026-09-26 15:24:35,pc3,rfsim5g-end-ue-16,2.10,86.20
2026-09-26 15:24:40,pc3,rfsim5g-end-ue-17,2.10,99.20
2026-09-26 15:24:40,pc3,rfsim5g-end-ue-9,3.15,90.40
2026-09-26 15:24:40,pc3,rfsim5g-end-ue-10,3.14,92.70
2026-09-26 15:24:40,pc3,rfsim5g-end-ue-11,4.20,78.50
2026-09-26 15:24:40,pc3,rfsim5g-end-ue-12,0.00,95.70
2026-09-26 15:24:40,pc3,rfsim5g-end-ue-13,1.05,98.60
2026-09-26 15:24:40,pc3,rfsim5g-end-ue-14,1.05,89.60
2026-09-26 15:24:40,pc3,rfsim5g-end-ue-15,2.10,31.80
2026-09-26 15:24:40,pc3,rfsim5g-end-ue-16,2.10,56.80
2026-09-26 15:24:45,pc3,rfsim5g-end-ue-17,1.05,106.00
2026-09-26 15:24:45,pc3,rfsim5g-end-ue-9,3.15,31.80
2026-09-26 15:24:45,pc3,rfsim5g-end-ue-10,3.14,97.90
2026-09-26 15:24:45,pc3,rfsim5g-end-ue-11,3.14,102.00
2026-09-26 15:24:45,pc3,rfsim5g-end-ue-12,1.05,80.20
2026-09-26 15:24:45,pc3,rfsim5g-end-ue-13,0.00,88.80
2026-09-26 15:24:45,pc3,rfsim5g-end-ue-14,1.05,93.10
2026-09-26 15:24:45,pc3,rfsim5g-end-ue-15,2.10,31.20
2026-09-26 15:24:45,pc3,rfsim5g-end-ue-16,2.10,73.00
2026-09-26 15:24:51,pc3,rfsim5g-end-ue-17,2.10,123.00
2026-09-26 15:24:51,pc3,rfsim5g-end-ue-9,3.15,85.80
2026-09-26 15:24:51,pc3,rfsim5g-end-ue-10,3.15,84.70
2026-09-26 15:24:51,pc3,rfsim5g-end-ue-11,3.15,80.30
2026-09-26 15:24:51,pc3,rfsim5g-end-ue-12,1.05,90.40
2026-09-26 15:24:51,pc3,rfsim5g-end-ue-13,0.00,86.50
2026-09-26 15:24:51,pc3,rfsim5g-end-ue-14,1.05,85.40
2026-09-26 15:24:51,pc3,rfsim5g-end-ue-15,2.10,70.30
2026-09-26 15:24:51,pc3,rfsim5g-end-ue-16,2.10,70.40
2026-09-26 15:24:56,pc3,rfsim5g-end-ue-17,1.05,112.00
2026-09-26 15:24:56,pc3,rfsim5g-end-ue-9,3.15,92.80
2026-09-26 15:24:56,pc3,rfsim5g-end-ue-10,3.15,88.50
2026-09-26 15:24:56,pc3,rfsim5g-end-ue-11,4.19,77.50
2026-09-26 15:24:56,pc3,rfsim5g-end-ue-12,1.05,84.20
2026-09-26 15:24:56,pc3,rfsim5g-end-ue-13,1.05,102.00
2026-09-26 15:24:56,pc3,rfsim5g-end-ue-14,0.00,94.80
2026-09-26 15:24:56,pc3,rfsim5g-end-ue-15,2.09,79.70
2026-09-26 15:24:56,pc3,rfsim5g-end-ue-16,2.09,76.30
2026-09-26 15:25:01,pc3,rfsim5g-end-ue-17,2.10,105.00
2026-09-26 15:25:01,pc3,rfsim5g-end-ue-9,3.15,76.80
2026-09-26 15:25:01,pc3,rfsim5g-end-ue-10,3.15,99.70
2026-09-26 15:25:01,pc3,rfsim5g-end-ue-11,3.15,91.80
2026-09-26 15:25:01,pc3,rfsim5g-end-ue-12,0.00,134.00
2026-09-26 15:25:01,pc3,rfsim5g-end-ue-13,1.05,70.50
2026-09-26 15:25:01,pc3,rfsim5g-end-ue-14,0.00,90.40
2026-09-26 15:25:01,pc3,rfsim5g-end-ue-15,2.10,71.80
2026-09-26 15:25:01,pc3,rfsim5g-end-ue-16,2.10,69.40
2026-09-26 15:25:06,pc3,rfsim5g-end-ue-17,1.05,107.00
2026-09-26 15:25:06,pc3,rfsim5g-end-ue-9,3.15,62.40
2026-09-26 15:25:06,pc3,rfsim5g-end-ue-10,3.15,130.00
2026-09-26 15:25:06,pc3,rfsim5g-end-ue-11,3.15,112.00
2026-09-26 15:25:06,pc3,rfsim5g-end-ue-12,1.05,65.70
2026-09-26 15:25:06,pc3,rfsim5g-end-ue-13,0.00,86.50
2026-09-26 15:25:06,pc3,rfsim5g-end-ue-14,1.05,87.60
2026-09-26 15:25:06,pc3,rfsim5g-end-ue-15,2.10,60.90
2026-09-26 15:25:06,pc3,rfsim5g-end-ue-16,2.10,63.50
2026-09-26 15:25:12,pc3,rfsim5g-end-ue-17,2.10,100.00
2026-09-26 15:25:12,pc3,rfsim5g-end-ue-9,3.14,55.70
2026-09-26 15:25:12,pc3,rfsim5g-end-ue-10,3.15,145.00
2026-09-26 15:25:12,pc3,rfsim5g-end-ue-11,3.15,144.00
2026-09-26 15:25:12,pc3,rfsim5g-end-ue-12,1.05,143.00
2026-09-26 15:25:12,pc3,rfsim5g-end-ue-13,0.00,91.70
2026-09-26 15:25:12,pc3,rfsim5g-end-ue-14,1.05,82.80
2026-09-26 15:25:12,pc3,rfsim5g-end-ue-15,2.10,56.10
2026-09-26 15:25:12,pc3,rfsim5g-end-ue-16,2.10,65.90
2026-09-26 15:25:17,pc3,rfsim5g-end-ue-17,2.10,121.00
2026-09-26 15:25:17,pc3,rfsim5g-end-ue-9,3.15,141.00
2026-09-26 15:25:17,pc3,rfsim5g-end-ue-10,3.15,141.00
2026-09-26 15:25:17,pc3,rfsim5g-end-ue-11,3.15,52.40
2026-09-26 15:25:17,pc3,rfsim5g-end-ue-12,1.05,53.60
2026-09-26 15:25:17,pc3,rfsim5g-end-ue-13,1.05,83.20
2026-09-26 15:25:17,pc3,rfsim5g-end-ue-14,1.05,88.20
2026-09-26 15:25:17,pc3,rfsim5g-end-ue-15,2.10,62.90
2026-09-26 15:25:17,pc3,rfsim5g-end-ue-16,2.10,68.80
2026-09-26 15:25:22,pc3,rfsim5g-end-ue-17,2.10,83.70
2026-09-26 15:25:22,pc3,rfsim5g-end-ue-9,3.15,107.00
2026-09-26 15:25:22,pc3,rfsim5g-end-ue-10,3.15,118.00
2026-09-26 15:25:22,pc3,rfsim5g-end-ue-11,3.15,42.70
2026-09-26 15:25:22,pc3,rfsim5g-end-ue-12,0.00,50.60
2026-09-26 15:25:22,pc3,rfsim5g-end-ue-13,1.05,84.10
2026-09-26 15:25:22,pc3,rfsim5g-end-ue-14,0.00,90.70
2026-09-26 15:25:22,pc3,rfsim5g-end-ue-15,1.05,71.20
2026-09-26 15:25:22,pc3,rfsim5g-end-ue-16,2.09,57.60
2026-09-26 15:25:27,pc3,rfsim5g-end-ue-17,2.10,90.50
2026-09-26 15:25:27,pc3,rfsim5g-end-ue-9,3.15,54.20
2026-09-26 15:25:27,pc3,rfsim5g-end-ue-10,2.10,118.00
2026-09-26 15:25:27,pc3,rfsim5g-end-ue-11,3.15,50.10
2026-09-26 15:25:27,pc3,rfsim5g-end-ue-12,1.05,50.20
2026-09-26 15:25:27,pc3,rfsim5g-end-ue-13,1.05,92.50
2026-09-26 15:25:27,pc3,rfsim5g-end-ue-14,1.05,86.20
2026-09-26 15:25:27,pc3,rfsim5g-end-ue-15,2.10,72.10
2026-09-26 15:25:27,pc3,rfsim5g-end-ue-16,2.10,87.50
2026-09-26 15:25:33,pc3,rfsim5g-end-ue-17,2.10,112.00
2026-09-26 15:25:33,pc3,rfsim5g-end-ue-9,3.15,108.00
2026-09-26 15:25:33,pc3,rfsim5g-end-ue-10,3.15,121.00
2026-09-26 15:25:33,pc3,rfsim5g-end-ue-11,3.15,68.80
2026-09-26 15:25:33,pc3,rfsim5g-end-ue-12,1.05,59.50
2026-09-26 15:25:33,pc3,rfsim5g-end-ue-13,0.00,82.40
2026-09-26 15:25:33,pc3,rfsim5g-end-ue-14,1.05,122.00
2026-09-26 15:25:33,pc3,rfsim5g-end-ue-15,1.05,68.20
2026-09-26 15:25:33,pc3,rfsim5g-end-ue-16,2.10,98.80
2026-09-26 15:25:38,pc3,rfsim5g-end-ue-17,2.10,102.00
2026-09-26 15:25:38,pc3,rfsim5g-end-ue-9,3.15,82.00
2026-09-26 15:25:38,pc3,rfsim5g-end-ue-10,3.15,75.30
2026-09-26 15:25:38,pc3,rfsim5g-end-ue-11,3.15,83.30
2026-09-26 15:25:38,pc3,rfsim5g-end-ue-12,1.05,86.60
2026-09-26 15:25:38,pc3,rfsim5g-end-ue-13,1.05,49.00
2026-09-26 15:25:38,pc3,rfsim5g-end-ue-14,1.05,95.20
2026-09-26 15:25:38,pc3,rfsim5g-end-ue-15,2.10,68.30
2026-09-26 15:25:38,pc3,rfsim5g-end-ue-16,2.10,65.10
2026-09-26 15:25:43,pc3,rfsim5g-end-ue-17,2.10,124.00
2026-09-26 15:25:43,pc3,rfsim5g-end-ue-9,3.15,105.00
2026-09-26 15:25:43,pc3,rfsim5g-end-ue-10,3.15,108.00
2026-09-26 15:25:43,pc3,rfsim5g-end-ue-11,3.15,84.30
2026-09-26 15:25:43,pc3,rfsim5g-end-ue-12,1.05,25.90
2026-09-26 15:25:43,pc3,rfsim5g-end-ue-13,1.05,93.40
2026-09-26 15:25:43,pc3,rfsim5g-end-ue-14,0.00,93.60
2026-09-26 15:25:43,pc3,rfsim5g-end-ue-15,1.05,85.40
2026-09-26 15:25:43,pc3,rfsim5g-end-ue-16,2.10,106.00
2026-09-26 15:25:48,pc3,rfsim5g-end-ue-17,2.10,124.00
2026-09-26 15:25:48,pc3,rfsim5g-end-ue-9,3.15,69.90
2026-09-26 15:25:48,pc3,rfsim5g-end-ue-10,3.15,69.90
2026-09-26 15:25:48,pc3,rfsim5g-end-ue-11,3.15,166.00
2026-09-26 15:25:48,pc3,rfsim5g-end-ue-12,1.05,130.00
2026-09-26 15:25:48,pc3,rfsim5g-end-ue-13,1.05,88.70
2026-09-26 15:25:48,pc3,rfsim5g-end-ue-14,1.05,70.30
2026-09-26 15:25:48,pc3,rfsim5g-end-ue-15,2.10,74.90
2026-09-26 15:25:48,pc3,rfsim5g-end-ue-16,2.10,57.10
2026-09-26 15:25:54,pc3,rfsim5g-end-ue-17,2.10,117.00
2026-09-26 15:25:54,pc3,rfsim5g-end-ue-9,3.15,72.50
2026-09-26 15:25:54,pc3,rfsim5g-end-ue-10,3.14,95.60
2026-09-26 15:25:54,pc3,rfsim5g-end-ue-11,3.15,87.40
2026-09-26 15:25:54,pc3,rfsim5g-end-ue-12,1.05,72.40
2026-09-26 15:25:54,pc3,rfsim5g-end-ue-13,0.00,86.00
2026-09-26 15:25:54,pc3,rfsim5g-end-ue-14,1.05,93.50
2026-09-26 15:25:54,pc3,rfsim5g-end-ue-15,1.05,67.70
2026-09-26 15:25:54,pc3,rfsim5g-end-ue-16,2.10,67.20
2026-09-26 15:25:59,pc3,rfsim5g-end-ue-17,3.15,128.00
2026-09-26 15:25:59,pc3,rfsim5g-end-ue-9,3.15,82.60
2026-09-26 15:25:59,pc3,rfsim5g-end-ue-10,3.15,39.20
2026-09-26 15:25:59,pc3,rfsim5g-end-ue-11,,69.50
2026-09-26 15:25:59,pc3,rfsim5g-end-ue-12,1.05,69.20
2026-09-26 15:25:59,pc3,rfsim5g-end-ue-13,1.05,136.00
2026-09-26 15:25:59,pc3,rfsim5g-end-ue-14,1.05,88.80
2026-09-26 15:25:59,pc3,rfsim5g-end-ue-15,2.11,75.00
2026-09-26 15:25:59,pc3,rfsim5g-end-ue-16,2.10,87.60
2026-09-26 15:26:04,pc3,rfsim5g-end-ue-17,3.15,129.00
2026-09-26 15:26:04,pc3,rfsim5g-end-ue-9,3.15,64.40
2026-09-26 15:26:04,pc3,rfsim5g-end-ue-10,1.05,
2026-09-26 15:26:04,pc3,rfsim5g-end-ue-11,1.05,72.00
2026-09-26 15:26:04,pc3,rfsim5g-end-ue-12,1.05,82.50
2026-09-26 15:26:04,pc3,rfsim5g-end-ue-13,1.05,84.60
2026-09-26 15:26:04,pc3,rfsim5g-end-ue-14,2.10,87.70
2026-09-26 15:26:04,pc3,rfsim5g-end-ue-15,2.10,81.80
2026-09-26 15:26:04,pc3,rfsim5g-end-ue-16,2.09,81.40
2026-09-26 15:26:10,pc3,rfsim5g-end-ue-17,3.15,60.90
2026-09-26 15:26:10,pc3,rfsim5g-end-ue-9,4.19,23.70
2026-09-26 15:26:10,pc3,rfsim5g-end-ue-10,5.26,624.00
2026-09-26 15:26:10,pc3,rfsim5g-end-ue-11,1.06,82.20
2026-09-26 15:26:10,pc3,rfsim5g-end-ue-12,1.05,42.10
2026-09-26 15:26:10,pc3,rfsim5g-end-ue-13,1.05,108.00
2026-09-26 15:26:10,pc3,rfsim5g-end-ue-14,2.09,99.90
2026-09-26 15:26:10,pc3,rfsim5g-end-ue-15,2.10,34.20
2026-09-26 15:26:10,pc3,rfsim5g-end-ue-16,1.05,
2026-09-26 15:26:17,pc3,rfsim5g-end-ue-17,3.15,65.00
2026-09-26 15:26:17,pc3,rfsim5g-end-ue-9,3.15,42.80
2026-09-26 15:26:17,pc3,rfsim5g-end-ue-10,3.15,78.30
2026-09-26 15:26:17,pc3,rfsim5g-end-ue-11,1.05,64.90
2026-09-26 15:26:17,pc3,rfsim5g-end-ue-12,1.05,81.90
2026-09-26 15:26:17,pc3,rfsim5g-end-ue-13,1.05,97.10
2026-09-26 15:26:17,pc3,rfsim5g-end-ue-14,2.10,84.10
2026-09-26 15:26:17,pc3,rfsim5g-end-ue-15,2.10,67.40
2026-09-26 15:26:17,pc3,rfsim5g-end-ue-16,2.10,182.00
2026-09-26 15:26:22,pc3,rfsim5g-end-ue-17,3.15,103.00
2026-09-26 15:26:22,pc3,rfsim5g-end-ue-9,3.15,74.20
2026-09-26 15:26:22,pc3,rfsim5g-end-ue-10,3.14,143.00
2026-09-26 15:26:22,pc3,rfsim5g-end-ue-11,0.00,120.00
2026-09-26 15:26:22,pc3,rfsim5g-end-ue-12,1.05,111.00
2026-09-26 15:26:22,pc3,rfsim5g-end-ue-13,0.00,82.60
2026-09-26 15:26:22,pc3,rfsim5g-end-ue-14,2.10,91.40
2026-09-26 15:26:22,pc3,rfsim5g-end-ue-15,2.10,58.20
2026-09-26 15:26:22,pc3,rfsim5g-end-ue-16,2.10,52.50
2026-09-26 15:26:27,pc3,rfsim5g-end-ue-17,3.15,89.70
2026-09-26 15:26:27,pc3,rfsim5g-end-ue-9,3.16,78.10
2026-09-26 15:26:27,pc3,rfsim5g-end-ue-10,3.18,31.70
2026-09-26 15:26:27,pc3,rfsim5g-end-ue-11,0.00,87.90
2026-09-26 15:26:27,pc3,rfsim5g-end-ue-12,1.05,72.60
2026-09-26 15:26:27,pc3,rfsim5g-end-ue-13,0.00,38.90
2026-09-26 15:26:27,pc3,rfsim5g-end-ue-14,2.10,28.80
2026-09-26 15:26:27,pc3,rfsim5g-end-ue-15,2.10,58.20
2026-09-26 15:26:27,pc3,rfsim5g-end-ue-16,2.10,67.40
2026-09-26 15:26:33,pc3,rfsim5g-end-ue-17,3.15,85.80
2026-09-26 15:26:33,pc3,rfsim5g-end-ue-9,3.15,30.90
2026-09-26 15:26:33,pc3,rfsim5g-end-ue-10,,48.30
2026-09-26 15:26:33,pc3,rfsim5g-end-ue-11,1.05,47.00
2026-09-26 15:26:33,pc3,rfsim5g-end-ue-12,1.05,37.40
2026-09-26 15:26:33,pc3,rfsim5g-end-ue-13,1.05,93.70
2026-09-26 15:26:33,pc3,rfsim5g-end-ue-14,2.10,65.90
2026-09-26 15:26:33,pc3,rfsim5g-end-ue-15,2.10,85.40
2026-09-26 15:26:33,pc3,rfsim5g-end-ue-16,2.10,58.90
2026-09-26 15:26:38,pc3,rfsim5g-end-ue-17,3.15,97.80
2026-09-26 15:26:38,pc3,rfsim5g-end-ue-9,3.15,65.10
2026-09-26 15:26:38,pc3,rfsim5g-end-ue-10,3.15,197.00
2026-09-26 15:26:38,pc3,rfsim5g-end-ue-11,1.05,138.00
2026-09-26 15:26:38,pc3,rfsim5g-end-ue-12,1.05,34.60
2026-09-26 15:26:38,pc3,rfsim5g-end-ue-13,1.05,83.90
2026-09-26 15:26:38,pc3,rfsim5g-end-ue-14,2.10,23.20
2026-09-26 15:26:38,pc3,rfsim5g-end-ue-15,2.09,23.30
2026-09-26 15:26:38,pc3,rfsim5g-end-ue-16,2.10,70.50
2026-09-26 15:26:43,pc3,rfsim5g-end-ue-17,3.15,46.40
2026-09-26 15:26:43,pc3,rfsim5g-end-ue-9,3.15,107.00
2026-09-26 15:26:43,pc3,rfsim5g-end-ue-10,3.15,157.00
2026-09-26 15:26:43,pc3,rfsim5g-end-ue-11,0.00,110.00
2026-09-26 15:26:43,pc3,rfsim5g-end-ue-12,1.05,109.00
2026-09-26 15:26:43,pc3,rfsim5g-end-ue-13,1.05,104.00
2026-09-26 15:26:43,pc3,rfsim5g-end-ue-14,2.10,66.20
2026-09-26 15:26:43,pc3,rfsim5g-end-ue-15,2.10,74.10
2026-09-26 15:26:43,pc3,rfsim5g-end-ue-16,2.10,101.00
2026-09-26 15:26:49,pc3,rfsim5g-end-ue-17,3.14,128.00
2026-09-26 15:26:49,pc3,rfsim5g-end-ue-9,4.19,71.50
2026-09-26 15:26:49,pc3,rfsim5g-end-ue-10,3.15,165.00
2026-09-26 15:26:49,pc3,rfsim5g-end-ue-11,0.00,90.70
2026-09-26 15:26:49,pc3,rfsim5g-end-ue-12,1.05,93.90
2026-09-26 15:26:49,pc3,rfsim5g-end-ue-13,0.00,121.00
2026-09-26 15:26:49,pc3,rfsim5g-end-ue-14,2.10,123.00
2026-09-26 15:26:49,pc3,rfsim5g-end-ue-15,2.10,23.90
2026-09-26 15:26:49,pc3,rfsim5g-end-ue-16,2.10,64.30
2026-09-26 15:26:54,pc3,rfsim5g-end-ue-17,3.15,127.00
2026-09-26 15:26:54,pc3,rfsim5g-end-ue-9,3.14,44.50
2026-09-26 15:26:54,pc3,rfsim5g-end-ue-10,3.14,71.40
2026-09-26 15:26:54,pc3,rfsim5g-end-ue-11,1.05,84.30
2026-09-26 15:26:54,pc3,rfsim5g-end-ue-12,1.05,84.60
2026-09-26 15:26:54,pc3,rfsim5g-end-ue-13,0.00,106.00
2026-09-26 15:26:54,pc3,rfsim5g-end-ue-14,2.10,62.50
2026-09-26 15:26:54,pc3,rfsim5g-end-ue-15,2.10,90.20
2026-09-26 15:26:54,pc3,rfsim5g-end-ue-16,2.10,125.00
2026-09-26 15:26:59,pc3,rfsim5g-end-ue-17,3.15,124.00
2026-09-26 15:26:59,pc3,rfsim5g-end-ue-9,3.15,83.40
2026-09-26 15:26:59,pc3,rfsim5g-end-ue-10,3.15,65.60
2026-09-26 15:26:59,pc3,rfsim5g-end-ue-11,1.05,82.50
2026-09-26 15:26:59,pc3,rfsim5g-end-ue-12,0.00,83.30
2026-09-26 15:26:59,pc3,rfsim5g-end-ue-13,1.05,86.50
2026-09-26 15:26:59,pc3,rfsim5g-end-ue-14,2.10,49.90
2026-09-26 15:26:59,pc3,rfsim5g-end-ue-15,2.10,51.90
2026-09-26 15:26:59,pc3,rfsim5g-end-ue-16,2.10,81.90
2026-09-26 15:27:04,pc3,rfsim5g-end-ue-17,3.15,112.00
2026-09-26 15:27:04,pc3,rfsim5g-end-ue-9,3.15,60.10
2026-09-26 15:27:04,pc3,rfsim5g-end-ue-10,4.19,56.50
2026-09-26 15:27:04,pc3,rfsim5g-end-ue-11,0.00,89.20
2026-09-26 15:27:04,pc3,rfsim5g-end-ue-12,1.05,89.10
2026-09-26 15:27:04,pc3,rfsim5g-end-ue-13,1.05,107.00
2026-09-26 15:27:04,pc3,rfsim5g-end-ue-14,2.10,43.20
2026-09-26 15:27:04,pc3,rfsim5g-end-ue-15,2.10,54.60
2026-09-26 15:27:04,pc3,rfsim5g-end-ue-16,2.10,79.30
2026-09-26 15:27:10,pc3,rfsim5g-end-ue-17,3.15,92.00
2026-09-26 15:27:10,pc3,rfsim5g-end-ue-9,3.15,58.40
2026-09-26 15:27:10,pc3,rfsim5g-end-ue-10,3.15,64.70
2026-09-26 15:27:10,pc3,rfsim5g-end-ue-11,1.05,88.50
2026-09-26 15:27:10,pc3,rfsim5g-end-ue-12,1.05,90.80
2026-09-26 15:27:10,pc3,rfsim5g-end-ue-13,0.00,89.60
2026-09-26 15:27:10,pc3,rfsim5g-end-ue-14,2.09,63.50
2026-09-26 15:27:10,pc3,rfsim5g-end-ue-15,1.05,20.70
2026-09-26 15:27:10,pc3,rfsim5g-end-ue-16,2.10,26.20
2026-09-26 15:27:15,pc3,rfsim5g-end-ue-17,3.15,130.00
2026-09-26 15:27:15,pc3,rfsim5g-end-ue-9,3.15,38.40
2026-09-26 15:27:15,pc3,rfsim5g-end-ue-10,3.15,56.40
2026-09-26 15:27:15,pc3,rfsim5g-end-ue-11,1.05,70.80
2026-09-26 15:27:15,pc3,rfsim5g-end-ue-12,1.05,91.80
2026-09-26 15:27:15,pc3,rfsim5g-end-ue-13,0.00,128.00
2026-09-26 15:27:15,pc3,rfsim5g-end-ue-14,2.10,59.60
2026-09-26 15:27:15,pc3,rfsim5g-end-ue-15,2.10,83.10
2026-09-26 15:27:15,pc3,rfsim5g-end-ue-16,2.10,57.00
2026-09-26 15:27:20,pc3,rfsim5g-end-ue-17,3.15,119.00
2026-09-26 15:27:20,pc3,rfsim5g-end-ue-9,3.13,110.00
2026-09-26 15:27:20,pc3,rfsim5g-end-ue-10,3.15,57.00
2026-09-26 15:27:20,pc3,rfsim5g-end-ue-11,1.05,82.70
2026-09-26 15:27:20,pc3,rfsim5g-end-ue-12,1.05,81.40
2026-09-26 15:27:20,pc3,rfsim5g-end-ue-13,1.05,96.50
2026-09-26 15:27:20,pc3,rfsim5g-end-ue-14,2.10,60.70
2026-09-26 15:27:20,pc3,rfsim5g-end-ue-15,2.10,59.80
2026-09-26 15:27:20,pc3,rfsim5g-end-ue-16,2.10,58.70
2026-09-26 15:27:25,pc3,rfsim5g-end-ue-17,3.15,100.00
2026-09-26 15:27:25,pc3,rfsim5g-end-ue-9,4.19,21.20
2026-09-26 15:27:25,pc3,rfsim5g-end-ue-10,3.15,58.00
2026-09-26 15:27:25,pc3,rfsim5g-end-ue-11,0.00,101.00
2026-09-26 15:27:25,pc3,rfsim5g-end-ue-12,0.00,101.00
2026-09-26 15:27:25,pc3,rfsim5g-end-ue-13,1.05,92.80
2026-09-26 15:27:25,pc3,rfsim5g-end-ue-14,2.10,101.00
2026-09-26 15:27:25,pc3,rfsim5g-end-ue-15,2.10,76.40
2026-09-26 15:27:25,pc3,rfsim5g-end-ue-16,2.10,29.00
2026-09-26 15:27:31,pc3,rfsim5g-end-ue-17,3.15,135.00
2026-09-26 15:27:31,pc3,rfsim5g-end-ue-9,3.15,62.30
2026-09-26 15:27:31,pc3,rfsim5g-end-ue-10,3.15,67.50
2026-09-26 15:27:31,pc3,rfsim5g-end-ue-11,1.05,55.60
2026-09-26 15:27:31,pc3,rfsim5g-end-ue-12,1.05,92.60
2026-09-26 15:27:31,pc3,rfsim5g-end-ue-13,0.00,140.00
2026-09-26 15:27:31,pc3,rfsim5g-end-ue-14,2.09,57.00
2026-09-26 15:27:31,pc3,rfsim5g-end-ue-15,1.05,58.90
2026-09-26 15:27:31,pc3,rfsim5g-end-ue-16,2.10,62.50
2026-09-26 15:27:36,pc3,rfsim5g-end-ue-17,3.15,136.00
2026-09-26 15:27:36,pc3,rfsim5g-end-ue-9,3.15,41.90
2026-09-26 15:27:36,pc3,rfsim5g-end-ue-10,3.15,63.60
2026-09-26 15:27:36,pc3,rfsim5g-end-ue-11,1.05,82.30
2026-09-26 15:27:36,pc3,rfsim5g-end-ue-12,1.05,84.00
2026-09-26 15:27:36,pc3,rfsim5g-end-ue-13,0.00,139.00
2026-09-26 15:27:36,pc3,rfsim5g-end-ue-14,2.10,63.50
2026-09-26 15:27:36,pc3,rfsim5g-end-ue-15,2.10,55.30
2026-09-26 15:27:36,pc3,rfsim5g-end-ue-16,1.05,59.10
2026-09-26 15:27:41,pc3,rfsim5g-end-ue-17,4.19,119.00
2026-09-26 15:27:41,pc3,rfsim5g-end-ue-9,3.15,50.20
2026-09-26 15:27:41,pc3,rfsim5g-end-ue-10,3.15,63.40
2026-09-26 15:27:41,pc3,rfsim5g-end-ue-11,1.05,92.70
2026-09-26 15:27:41,pc3,rfsim5g-end-ue-12,0.00,63.50
2026-09-26 15:27:41,pc3,rfsim5g-end-ue-13,1.05,111.00
2026-09-26 15:27:41,pc3,rfsim5g-end-ue-14,2.10,59.80
2026-09-26 15:27:41,pc3,rfsim5g-end-ue-15,2.10,77.00
2026-09-26 15:27:41,pc3,rfsim5g-end-ue-16,2.10,65.40
2026-09-26 15:27:46,pc3,rfsim5g-end-ue-17,3.15,116.00
2026-09-26 15:27:46,pc3,rfsim5g-end-ue-9,4.19,37.60
2026-09-26 15:27:46,pc3,rfsim5g-end-ue-10,3.15,64.40
2026-09-26 15:27:46,pc3,rfsim5g-end-ue-11,0.00,85.10
2026-09-26 15:27:46,pc3,rfsim5g-end-ue-12,0.00,103.00
2026-09-26 15:27:46,pc3,rfsim5g-end-ue-13,1.05,39.90
2026-09-26 15:27:46,pc3,rfsim5g-end-ue-14,2.10,58.10
2026-09-26 15:27:46,pc3,rfsim5g-end-ue-15,2.10,62.20
2026-09-26 15:27:46,pc3,rfsim5g-end-ue-16,1.05,67.50
2026-09-26 15:27:52,pc3,rfsim5g-end-ue-17,3.15,113.00
2026-09-26 15:27:52,pc3,rfsim5g-end-ue-9,3.15,56.10
2026-09-26 15:27:52,pc3,rfsim5g-end-ue-10,3.15,47.60
2026-09-26 15:27:52,pc3,rfsim5g-end-ue-11,0.00,86.60
2026-09-26 15:27:52,pc3,rfsim5g-end-ue-12,1.05,101.00
2026-09-26 15:27:52,pc3,rfsim5g-end-ue-13,0.00,55.30
2026-09-26 15:27:52,pc3,rfsim5g-end-ue-14,2.10,60.40
2026-09-26 15:27:52,pc3,rfsim5g-end-ue-15,1.05,66.70
2026-09-26 15:27:52,pc3,rfsim5g-end-ue-16,2.10,66.70
2026-09-26 15:27:57,pc3,rfsim5g-end-ue-17,3.15,132.00
2026-09-26 15:27:57,pc3,rfsim5g-end-ue-9,3.15,38.70
2026-09-26 15:27:57,pc3,rfsim5g-end-ue-10,3.15,65.40
2026-09-26 15:27:57,pc3,rfsim5g-end-ue-11,1.05,82.50
2026-09-26 15:27:57,pc3,rfsim5g-end-ue-12,1.05,83.30
2026-09-26 15:27:57,pc3,rfsim5g-end-ue-13,0.00,137.00
2026-09-26 15:27:57,pc3,rfsim5g-end-ue-14,1.05,64.90
2026-09-26 15:27:57,pc3,rfsim5g-end-ue-15,2.10,55.50
2026-09-26 15:27:57,pc3,rfsim5g-end-ue-16,1.05,58.40
2026-09-26 15:28:02,pc3,rfsim5g-end-ue-17,3.15,123.00
2026-09-26 15:28:02,pc3,rfsim5g-end-ue-9,3.15,50.00
2026-09-26 15:28:02,pc3,rfsim5g-end-ue-10,3.15,247.00
2026-09-26 15:28:02,pc3,rfsim5g-end-ue-11,1.05,33.80
2026-09-26 15:28:02,pc3,rfsim5g-end-ue-12,1.05,116.00
2026-09-26 15:28:02,pc3,rfsim5g-end-ue-13,1.05,105.00
2026-09-26 15:28:02,pc3,rfsim5g-end-ue-14,2.10,108.00
2026-09-26 15:28:02,pc3,rfsim5g-end-ue-15,1.05,106.00
2026-09-26 15:28:02,pc3,rfsim5g-end-ue-16,2.10,99.80
2026-09-26 15:28:08,pc3,rfsim5g-end-ue-17,3.15,129.00
2026-09-26 15:28:08,pc3,rfsim5g-end-ue-9,3.14,81.70
2026-09-26 15:28:08,pc3,rfsim5g-end-ue-10,3.15,120.00
2026-09-26 15:28:08,pc3,rfsim5g-end-ue-11,0.00,87.40
2026-09-26 15:28:08,pc3,rfsim5g-end-ue-12,0.00,81.10
2026-09-26 15:28:08,pc3,rfsim5g-end-ue-13,1.05,89.50
2026-09-26 15:28:08,pc3,rfsim5g-end-ue-14,1.05,82.90
2026-09-26 15:28:08,pc3,rfsim5g-end-ue-15,2.10,71.80
2026-09-26 15:28:08,pc3,rfsim5g-end-ue-16,1.04,266.00
2026-09-26 15:28:13,pc3,rfsim5g-end-ue-17,3.15,96.00
2026-09-26 15:28:13,pc3,rfsim5g-end-ue-9,3.15,157.00
2026-09-26 15:28:13,pc3,rfsim5g-end-ue-10,,74.30
2026-09-26 15:28:13,pc3,rfsim5g-end-ue-11,0.00,109.00
2026-09-26 15:28:13,pc3,rfsim5g-end-ue-12,1.05,563.00
2026-09-26 15:28:13,pc3,rfsim5g-end-ue-13,1.05,84.30
2026-09-26 15:28:13,pc3,rfsim5g-end-ue-14,2.10,70.10
2026-09-26 15:28:13,pc3,rfsim5g-end-ue-15,1.05,90.70
2026-09-26 15:28:13,pc3,rfsim5g-end-ue-16,2.10,80.20
2026-09-26 15:28:19,pc3,rfsim5g-end-ue-17,3.15,122.00
2026-09-26 15:28:19,pc3,rfsim5g-end-ue-9,1.05,
2026-09-26 15:28:19,pc3,rfsim5g-end-ue-10,1.05,73.30
2026-09-26 15:28:19,pc3,rfsim5g-end-ue-11,1.05,88.60
2026-09-26 15:28:19,pc3,rfsim5g-end-ue-12,1.05,61.70
2026-09-26 15:28:19,pc3,rfsim5g-end-ue-13,2.10,95.60
2026-09-26 15:28:19,pc3,rfsim5g-end-ue-14,2.10,93.30
2026-09-26 15:28:19,pc3,rfsim5g-end-ue-15,2.10,466.00
2026-09-26 15:28:19,pc3,rfsim5g-end-ue-16,3.14,119.00
2026-09-26 15:28:25,pc3,rfsim5g-end-ue-17,3.15,93.50
2026-09-26 15:28:25,pc3,rfsim5g-end-ue-9,5.23,70.70
2026-09-26 15:28:25,pc3,rfsim5g-end-ue-10,1.05,84.70
2026-09-26 15:28:25,pc3,rfsim5g-end-ue-11,0.00,88.60
2026-09-26 15:28:25,pc3,rfsim5g-end-ue-12,1.04,87.30
2026-09-26 15:28:25,pc3,rfsim5g-end-ue-13,2.11,47.30
2026-09-26 15:28:25,pc3,rfsim5g-end-ue-14,2.10,39.10
2026-09-26 15:28:25,pc3,rfsim5g-end-ue-15,4.20,70.90
2026-09-26 15:28:25,pc3,rfsim5g-end-ue-16,3.16,76.70
2026-09-26 15:28:30,pc3,rfsim5g-end-ue-17,3.15,214.00
2026-09-26 15:28:30,pc3,rfsim5g-end-ue-9,3.15,61.20
2026-09-26 15:28:30,pc3,rfsim5g-end-ue-10,1.05,101.00
2026-09-26 15:28:30,pc3,rfsim5g-end-ue-11,1.05,81.70
2026-09-26 15:28:30,pc3,rfsim5g-end-ue-12,1.05,82.60
2026-09-26 15:28:30,pc3,rfsim5g-end-ue-13,2.10,37.20
2026-09-26 15:28:30,pc3,rfsim5g-end-ue-14,2.10,76.40
2026-09-26 15:28:30,pc3,rfsim5g-end-ue-15,2.11,38.40
2026-09-26 15:28:30,pc3,rfsim5g-end-ue-16,3.15,73.50
2026-09-26 15:28:36,pc3,rfsim5g-end-ue-17,3.15,156.00
2026-09-26 15:28:36,pc3,rfsim5g-end-ue-9,3.15,207.00
2026-09-26 15:28:36,pc3,rfsim5g-end-ue-10,1.05,45.90
2026-09-26 15:28:36,pc3,rfsim5g-end-ue-11,1.05,24.70
2026-09-26 15:28:36,pc3,rfsim5g-end-ue-12,1.05,93.00
2026-09-26 15:28:36,pc3,rfsim5g-end-ue-13,2.10,121.00
2026-09-26 15:28:36,pc3,rfsim5g-end-ue-14,2.10,131.00
2026-09-26 15:28:36,pc3,rfsim5g-end-ue-15,2.10,201.00
2026-09-26 15:28:36,pc3,rfsim5g-end-ue-16,3.15,121.00
2026-09-26 15:28:41,pc3,rfsim5g-end-ue-17,3.15,104.00
2026-09-26 15:28:41,pc3,rfsim5g-end-ue-9,3.15,47.50
2026-09-26 15:28:41,pc3,rfsim5g-end-ue-10,0.00,86.00
2026-09-26 15:28:41,pc3,rfsim5g-end-ue-11,1.05,99.80
2026-09-26 15:28:41,pc3,rfsim5g-end-ue-12,1.05,104.00
2026-09-26 15:28:41,pc3,rfsim5g-end-ue-13,2.10,49.70
2026-09-26 15:28:41,pc3,rfsim5g-end-ue-14,2.10,104.00
2026-09-26 15:28:41,pc3,rfsim5g-end-ue-15,2.10,98.30
2026-09-26 15:28:41,pc3,rfsim5g-end-ue-16,3.14,77.50
2026-09-26 15:28:46,pc3,rfsim5g-end-ue-17,3.15,67.00
2026-09-26 15:28:46,pc3,rfsim5g-end-ue-9,3.15,69.10
2026-09-26 15:28:46,pc3,rfsim5g-end-ue-10,1.05,92.70
2026-09-26 15:28:46,pc3,rfsim5g-end-ue-11,0.00,40.20
2026-09-26 15:28:46,pc3,rfsim5g-end-ue-12,0.00,57.70
2026-09-26 15:28:46,pc3,rfsim5g-end-ue-13,2.10,73.20
2026-09-26 15:28:46,pc3,rfsim5g-end-ue-14,2.10,72.00
2026-09-26 15:28:46,pc3,rfsim5g-end-ue-15,2.09,57.70
2026-09-26 15:28:46,pc3,rfsim5g-end-ue-16,3.15,69.90
2026-09-26 15:28:51,pc3,rfsim5g-end-ue-17,3.14,118.00
2026-09-26 15:28:51,pc3,rfsim5g-end-ue-9,3.15,67.30
2026-09-26 15:28:51,pc3,rfsim5g-end-ue-10,1.05,88.70
2026-09-26 15:28:51,pc3,rfsim5g-end-ue-11,1.05,43.40
2026-09-26 15:28:51,pc3,rfsim5g-end-ue-12,1.05,86.90
2026-09-26 15:28:51,pc3,rfsim5g-end-ue-13,2.10,68.40
2026-09-26 15:28:51,pc3,rfsim5g-end-ue-14,2.10,75.10
2026-09-26 15:28:51,pc3,rfsim5g-end-ue-15,2.10,78.80
2026-09-26 15:28:51,pc3,rfsim5g-end-ue-16,3.15,79.20
2026-09-26 15:28:57,pc3,rfsim5g-end-ue-17,3.15,83.60
2026-09-26 15:28:57,pc3,rfsim5g-end-ue-9,3.15,66.60
2026-09-26 15:28:57,pc3,rfsim5g-end-ue-10,1.05,92.20
2026-09-26 15:28:57,pc3,rfsim5g-end-ue-11,1.05,44.30
2026-09-26 15:28:57,pc3,rfsim5g-end-ue-12,1.05,101.00
2026-09-26 15:28:57,pc3,rfsim5g-end-ue-13,2.09,60.70
2026-09-26 15:28:57,pc3,rfsim5g-end-ue-14,2.10,45.00
2026-09-26 15:28:57,pc3,rfsim5g-end-ue-15,1.05,39.50
2026-09-26 15:28:57,pc3,rfsim5g-end-ue-16,4.18,123.00
2026-09-26 15:29:02,pc3,rfsim5g-end-ue-17,3.15,136.00
2026-09-26 15:29:02,pc3,rfsim5g-end-ue-9,4.20,57.20
2026-09-26 15:29:02,pc3,rfsim5g-end-ue-10,0.00,104.00
2026-09-26 15:29:02,pc3,rfsim5g-end-ue-11,1.05,34.90
2026-09-26 15:29:02,pc3,rfsim5g-end-ue-12,1.05,46.50
2026-09-26 15:29:02,pc3,rfsim5g-end-ue-13,2.10,63.60
2026-09-26 15:29:02,pc3,rfsim5g-end-ue-14,1.05,120.00
2026-09-26 15:29:02,pc3,rfsim5g-end-ue-15,2.10,69.20
2026-09-26 15:29:02,pc3,rfsim5g-end-ue-16,3.15,102.00
2026-09-26 15:29:07,pc3,rfsim5g-end-ue-17,3.15,129.00
2026-09-26 15:29:07,pc3,rfsim5g-end-ue-9,3.15,207.00
2026-09-26 15:29:07,pc3,rfsim5g-end-ue-10,1.05,104.00
2026-09-26 15:29:07,pc3,rfsim5g-end-ue-11,0.00,31.20
2026-09-26 15:29:07,pc3,rfsim5g-end-ue-12,0.00,89.60
2026-09-26 15:29:07,pc3,rfsim5g-end-ue-13,1.05,60.70
2026-09-26 15:29:07,pc3,rfsim5g-end-ue-14,2.10,112.00
2026-09-26 15:29:07,pc3,rfsim5g-end-ue-15,2.10,95.90
2026-09-26 15:29:07,pc3,rfsim5g-end-ue-16,3.15,97.10
2026-09-26 15:29:13,pc3,rfsim5g-end-ue-17,3.14,125.00
2026-09-26 15:29:13,pc3,rfsim5g-end-ue-9,3.15,162.00
2026-09-26 15:29:13,pc3,rfsim5g-end-ue-10,1.05,57.00
2026-09-26 15:29:13,pc3,rfsim5g-end-ue-11,1.05,21.60
2026-09-26 15:29:13,pc3,rfsim5g-end-ue-12,1.05,103.00
2026-09-26 15:29:13,pc3,rfsim5g-end-ue-13,2.10,39.00
2026-09-26 15:29:13,pc3,rfsim5g-end-ue-14,2.10,91.00
2026-09-26 15:29:13,pc3,rfsim5g-end-ue-15,2.10,95.90
2026-09-26 15:29:13,pc3,rfsim5g-end-ue-16,3.15,40.70
2026-09-26 15:29:18,pc3,rfsim5g-end-ue-17,3.15,143.00
2026-09-26 15:29:18,pc3,rfsim5g-end-ue-9,3.14,121.00
2026-09-26 15:29:18,pc3,rfsim5g-end-ue-10,1.05,103.00
2026-09-26 15:29:18,pc3,rfsim5g-end-ue-11,1.05,87.70
2026-09-26 15:29:18,pc3,rfsim5g-end-ue-12,1.05,102.00
2026-09-26 15:29:18,pc3,rfsim5g-end-ue-13,2.10,83.20
2026-09-26 15:29:18,pc3,rfsim5g-end-ue-14,2.10,75.80
2026-09-26 15:29:18,pc3,rfsim5g-end-ue-15,2.10,79.90
2026-09-26 15:29:18,pc3,rfsim5g-end-ue-16,3.15,83.10
2026-09-26 15:29:23,pc3,rfsim5g-end-ue-17,2.10,93.60
2026-09-26 15:29:23,pc3,rfsim5g-end-ue-9,4.19,119.00
2026-09-26 15:29:23,pc3,rfsim5g-end-ue-10,0.00,89.30
2026-09-26 15:29:23,pc3,rfsim5g-end-ue-11,1.05,110.00
2026-09-26 15:29:23,pc3,rfsim5g-end-ue-12,1.05,85.30
2026-09-26 15:29:23,pc3,rfsim5g-end-ue-13,2.10,58.60
2026-09-26 15:29:23,pc3,rfsim5g-end-ue-14,1.05,89.50
2026-09-26 15:29:23,pc3,rfsim5g-end-ue-15,2.10,73.10
2026-09-26 15:29:23,pc3,rfsim5g-end-ue-16,3.15,89.90
2026-09-26 15:29:28,pc3,rfsim5g-end-ue-17,3.15,100.00
2026-09-26 15:29:28,pc3,rfsim5g-end-ue-9,3.14,151.00
2026-09-26 15:29:28,pc3,rfsim5g-end-ue-10,1.05,81.40
2026-09-26 15:29:28,pc3,rfsim5g-end-ue-11,0.00,84.60
2026-09-26 15:29:28,pc3,rfsim5g-end-ue-12,0.00,109.00
2026-09-26 15:29:28,pc3,rfsim5g-end-ue-13,1.05,92.10
2026-09-26 15:29:28,pc3,rfsim5g-end-ue-14,2.09,71.60
2026-09-26 15:29:28,pc3,rfsim5g-end-ue-15,2.10,196.00
2026-09-26 15:29:28,pc3,rfsim5g-end-ue-16,3.14,95.60
2026-09-26 15:29:34,pc3,rfsim5g-end-ue-17,3.15,107.00
2026-09-26 15:29:34,pc3,rfsim5g-end-ue-9,3.14,21.80
2026-09-26 15:29:34,pc3,rfsim5g-end-ue-10,1.05,44.30
2026-09-26 15:29:34,pc3,rfsim5g-end-ue-11,1.05,90.60
2026-09-26 15:29:34,pc3,rfsim5g-end-ue-12,1.05,95.90
2026-09-26 15:29:34,pc3,rfsim5g-end-ue-13,2.10,62.30
2026-09-26 15:29:34,pc3,rfsim5g-end-ue-14,2.10,72.00
2026-09-26 15:29:34,pc3,rfsim5g-end-ue-15,2.10,74.80
2026-09-26 15:29:34,pc3,rfsim5g-end-ue-16,3.15,71.30
2026-09-26 15:29:39,pc3,rfsim5g-end-ue-17,3.15,141.00
2026-09-26 15:29:39,pc3,rfsim5g-end-ue-9,3.15,61.20
2026-09-26 15:29:39,pc3,rfsim5g-end-ue-10,1.05,42.10
2026-09-26 15:29:39,pc3,rfsim5g-end-ue-11,1.05,127.00
2026-09-26 15:29:39,pc3,rfsim5g-end-ue-12,1.05,155.00
2026-09-26 15:29:39,pc3,rfsim5g-end-ue-13,1.05,88.60
2026-09-26 15:29:39,pc3,rfsim5g-end-ue-14,2.10,85.30
2026-09-26 15:29:39,pc3,rfsim5g-end-ue-15,2.09,79.60
2026-09-26 15:29:39,pc3,rfsim5g-end-ue-16,3.16,65.40
2026-09-26 15:29:44,pc3,rfsim5g-end-ue-17,3.15,165.00
2026-09-26 15:29:44,pc3,rfsim5g-end-ue-9,3.14,111.00
2026-09-26 15:29:44,pc3,rfsim5g-end-ue-10,1.05,101.00
2026-09-26 15:29:44,pc3,rfsim5g-end-ue-11,1.05,103.00
2026-09-26 15:29:44,pc3,rfsim5g-end-ue-12,1.05,97.30
2026-09-26 15:29:44,pc3,rfsim5g-end-ue-13,2.10,97.80
2026-09-26 15:29:44,pc3,rfsim5g-end-ue-14,2.10,96.50
2026-09-26 15:29:44,pc3,rfsim5g-end-ue-15,2.10,98.40
2026-09-26 15:29:44,pc3,rfsim5g-end-ue-16,3.15,101.00
2026-09-26 15:29:50,pc3,rfsim5g-end-ue-17,3.16,114.00
2026-09-26 15:29:50,pc3,rfsim5g-end-ue-9,3.15,26.70
2026-09-26 15:29:50,pc3,rfsim5g-end-ue-10,1.05,26.80
2026-09-26 15:29:50,pc3,rfsim5g-end-ue-11,0.00,84.00
2026-09-26 15:29:50,pc3,rfsim5g-end-ue-12,1.05,67.80
2026-09-26 15:29:50,pc3,rfsim5g-end-ue-13,2.10,40.70
2026-09-26 15:29:50,pc3,rfsim5g-end-ue-14,2.10,57.00
2026-09-26 15:29:50,pc3,rfsim5g-end-ue-15,2.10,72.10
2026-09-26 15:29:50,pc3,rfsim5g-end-ue-16,3.15,55.90
2026-09-26 15:29:55,pc3,rfsim5g-end-ue-17,3.15,181.00
2026-09-26 15:29:55,pc3,rfsim5g-end-ue-9,3.14,63.90
2026-09-26 15:29:55,pc3,rfsim5g-end-ue-10,1.05,106.00
2026-09-26 15:29:55,pc3,rfsim5g-end-ue-11,1.05,140.00
2026-09-26 15:29:55,pc3,rfsim5g-end-ue-12,1.05,111.00
2026-09-26 15:29:55,pc3,rfsim5g-end-ue-13,2.09,29.00
2026-09-26 15:29:55,pc3,rfsim5g-end-ue-14,1.05,61.20
2026-09-26 15:29:55,pc3,rfsim5g-end-ue-15,1.05,64.30
2026-09-26 15:29:55,pc3,rfsim5g-end-ue-16,3.15,66.30
2026-09-26 15:30:00,pc3,rfsim5g-end-ue-17,3.15,149.00
2026-09-26 15:30:00,pc3,rfsim5g-end-ue-9,4.19,242.00
2026-09-26 15:30:00,pc3,rfsim5g-end-ue-10,0.00,87.00
2026-09-26 15:30:00,pc3,rfsim5g-end-ue-11,1.05,87.90
2026-09-26 15:30:00,pc3,rfsim5g-end-ue-12,1.05,88.70
2026-09-26 15:30:00,pc3,rfsim5g-end-ue-13,2.10,126.00
2026-09-26 15:30:00,pc3,rfsim5g-end-ue-14,2.10,171.00
2026-09-26 15:30:00,pc3,rfsim5g-end-ue-15,2.10,25.90
2026-09-26 15:30:00,pc3,rfsim5g-end-ue-16,3.15,135.00
