timestamp,host,ue_container,achieved_mbps,rtt_ms
2026-09-26 15:42:37,pc3,rfsim5g-end-ue-17,,148.00
2026-09-26 15:42:37,pc3,rfsim5g-end-ue-9,,93.90
2026-09-26 15:42:37,pc3,rfsim5g-end-ue-10,,87.80
2026-09-26 15:42:37,pc3,rfsim5g-end-ue-11,,89.10
2026-09-26 15:42:37,pc3,rfsim5g-end-ue-12,,92.20
2026-09-26 15:42:37,pc3,rfsim5g-end-ue-13,,80.70
2026-09-26 15:42:37,pc3,rfsim5g-end-ue-14,,88.50
2026-09-26 15:42:37,pc3,rfsim5g-end-ue-15,,85.60
2026-09-26 15:42:37,pc3,rfsim5g-end-ue-16,,89.80
2026-09-26 15:42:42,pc3,rfsim5g-end-ue-17,2.18,146.00
2026-09-26 15:42:42,pc3,rfsim5g-end-ue-9,1.37,720.00
2026-09-26 15:42:42,pc3,rfsim5g-end-ue-10,,741.00
2026-09-26 15:42:42,pc3,rfsim5g-end-ue-11,,744.00
2026-09-26 15:42:42,pc3,rfsim5g-end-ue-12,,749.00
2026-09-26 15:42:42,pc3,rfsim5g-end-ue-13,,105.00
2026-09-26 15:42:42,pc3,rfsim5g-end-ue-14,,89.20
2026-09-26 15:42:42,pc3,rfsim5g-end-ue-15,,90.60
2026-09-26 15:42:42,pc3,rfsim5g-end-ue-16,,89.50
2026-09-26 15:42:48,pc3,rfsim5g-end-ue-17,2.10,174.00
2026-09-26 15:42:48,pc3,rfsim5g-end-ue-9,3.13,72.40
2026-09-26 15:42:48,pc3,rfsim5g-end-ue-10,3.22,67.10
2026-09-26 15:42:48,pc3,rfsim5g-end-ue-11,2.28,
2026-09-26 15:42:48,pc3,rfsim5g-end-ue-12,,
2026-09-26 15:42:48,pc3,rfsim5g-end-ue-13,,215.00
2026-09-26 15:42:48,pc3,rfsim5g-end-ue-14,,269.00
2026-09-26 15:42:48,pc3,rfsim5g-end-ue-15,,95.20
2026-09-26 15:42:48,pc3,rfsim5g-end-ue-16,,98.70
2026-09-26 15:42:54,pc3,rfsim5g-end-ue-17,1.48,
2026-09-26 15:42:54,pc3,rfsim5g-end-ue-9,3.25,37.10
2026-09-26 15:42:54,pc3,rfsim5g-end-ue-10,3.23,70.80
2026-09-26 15:42:54,pc3,rfsim5g-end-ue-11,5.26,37.80
2026-09-26 15:42:54,pc3,rfsim5g-end-ue-12,1.22,64.30
2026-09-26 15:42:54,pc3,rfsim5g-end-ue-13,0.75,469.00
2026-09-26 15:42:54,pc3,rfsim5g-end-ue-14,0.63,478.00
2026-09-26 15:42:54,pc3,rfsim5g-end-ue-15,0.57,
2026-09-26 15:42:54,pc3,rfsim5g-end-ue-16,,
2026-09-26 15:43:00,pc3,rfsim5g-end-ue-17,1.61,
2026-09-26 15:43:00,pc3,rfsim5g-end-ue-9,3.19,78.00
2026-09-26 15:43:00,pc3,rfsim5g-end-ue-10,2.91,51.40
2026-09-26 15:43:00,pc3,rfsim5g-end-ue-11,3.21,85.20
2026-09-26 15:43:00,pc3,rfsim5g-end-ue-12,0.80,42.30
2026-09-26 15:43:00,pc3,rfsim5g-end-ue-13,0.80,51.50
2026-09-26 15:43:00,pc3,rfsim5g-end-ue-14,0.79,79.80
2026-09-26 15:43:00,pc3,rfsim5g-end-ue-15,3.43,613.00
2026-09-26 15:43:00,pc3,rfsim5g-end-ue-16,,724.00
2026-09-26 15:43:07,pc3,rfsim5g-end-ue-17,1.54,
2026-09-26 15:43:07,pc3,rfsim5g-end-ue-9,3.21,43.50
2026-09-26 15:43:07,pc3,rfsim5g-end-ue-10,3.20,80.30
2026-09-26 15:43:07,pc3,rfsim5g-end-ue-11,3.19,77.40
2026-09-26 15:43:07,pc3,rfsim5g-end-ue-12,0.80,43.30
2026-09-26 15:43:07,pc3,rfsim5g-end-ue-13,0.81,66.60
2026-09-26 15:43:07,pc3,rfsim5g-end-ue-14,0.80,72.40
2026-09-26 15:43:07,pc3,rfsim5g-end-ue-15,2.00,45.80
2026-09-26 15:43:07,pc3,rfsim5g-end-ue-16,1.98,88.00
2026-09-26 15:43:13,pc3,rfsim5g-end-ue-17,2.30,747.00
2026-09-26 15:43:13,pc3,rfsim5g-end-ue-9,3.22,73.70
2026-09-26 15:43:13,pc3,rfsim5g-end-ue-10,3.17,59.50
2026-09-26 15:43:13,pc3,rfsim5g-end-ue-11,3.20,57.50
2026-09-26 15:43:13,pc3,rfsim5g-end-ue-12,0.80,72.60
2026-09-26 15:43:13,pc3,rfsim5g-end-ue-13,0.80,71.30
2026-09-26 15:43:13,pc3,rfsim5g-end-ue-14,0.78,30.00
2026-09-26 15:43:13,pc3,rfsim5g-end-ue-15,2.00,68.00
2026-09-26 15:43:13,pc3,rfsim5g-end-ue-16,2.04,69.70
2026-09-26 15:43:19,pc3,rfsim5g-end-ue-17,2.38,81.30
2026-09-26 15:43:19,pc3,rfsim5g-end-ue-9,3.20,41.20
2026-09-26 15:43:19,pc3,rfsim5g-end-ue-10,3.21,58.00
2026-09-26 15:43:19,pc3,rfsim5g-end-ue-11,3.22,65.40
2026-09-26 15:43:19,pc3,rfsim5g-end-ue-12,0.82,67.40
2026-09-26 15:43:19,pc3,rfsim5g-end-ue-13,0.80,41.50
2026-09-26 15:43:19,pc3,rfsim5g-end-ue-14,0.80,81.80
2026-09-26 15:43:19,pc3,rfsim5g-end-ue-15,2.00,40.50
2026-09-26 15:43:19,pc3,rfsim5g-end-ue-16,2.04,42.60
2026-09-26 15:43:25,pc3,rfsim5g-end-ue-17,2.03,99.50
2026-09-26 15:43:25,pc3,rfsim5g-end-ue-9,3.21,42.90
2026-09-26 15:43:25,pc3,rfsim5g-end-ue-10,3.19,38.80
2026-09-26 15:43:25,pc3,rfsim5g-end-ue-11,3.17,47.00
2026-09-26 15:43:25,pc3,rfsim5g-end-ue-12,0.80,58.10
2026-09-26 15:43:25,pc3,rfsim5g-end-ue-13,0.80,54.10
2026-09-26 15:43:25,pc3,rfsim5g-end-ue-14,0.82,35.50
2026-09-26 15:43:25,pc3,rfsim5g-end-ue-15,2.01,35.60
2026-09-26 15:43:25,pc3,rfsim5g-end-ue-16,2.00,41.30
2026-09-26 15:43:30,pc3,rfsim5g-end-ue-17,2.00,108.00
2026-09-26 15:43:30,pc3,rfsim5g-end-ue-9,3.20,74.90
2026-09-26 15:43:30,pc3,rfsim5g-end-ue-10,3.20,44.00
2026-09-26 15:43:30,pc3,rfsim5g-end-ue-11,3.14,37.60
2026-09-26 15:43:30,pc3,rfsim5g-end-ue-12,0.81,75.00
2026-09-26 15:43:30,pc3,rfsim5g-end-ue-13,0.80,49.30
2026-09-26 15:43:30,pc3,rfsim5g-end-ue-14,0.81,71.60
2026-09-26 15:43:30,pc3,rfsim5g-end-ue-15,2.01,62.40
2026-09-26 15:43:30,pc3,rfsim5g-end-ue-16,2.02,81.40
2026-09-26 15:43:35,pc3,rfsim5g-end-ue-17,2.04,145.00
2026-09-26 15:43:35,pc3,rfsim5g-end-ue-9,3.19,73.60
2026-09-26 15:43:35,pc3,rfsim5g-end-ue-10,3.19,95.50
2026-09-26 15:43:35,pc3,rfsim5g-end-ue-11,3.28,42.10
2026-09-26 15:43:35,pc3,rfsim5g-end-ue-12,0.80,27.60
2026-09-26 15:43:35,pc3,rfsim5g-end-ue-13,0.80,76.90
2026-09-26 15:43:35,pc3,rfsim5g-end-ue-14,0.80,79.50
2026-09-26 15:43:35,pc3,rfsim5g-end-ue-15,2.01,31.90
2026-09-26 15:43:35,pc3,rfsim5g-end-ue-16,1.99,55.10
2026-09-26 15:43:41,pc3,rfsim5g-end-ue-17,1.82,255.00
2026-09-26 15:43:41,pc3,rfsim5g-end-ue-9,3.20,26.40
2026-09-26 15:43:41,pc3,rfsim5g-end-ue-10,3.12,26.90
2026-09-26 15:43:41,pc3,rfsim5g-end-ue-11,3.20,32.30
2026-09-26 15:43:41,pc3,rfsim5g-end-ue-12,0.80,31.40
2026-09-26 15:43:41,pc3,rfsim5g-end-ue-13,0.81,76.30
2026-09-26 15:43:41,pc3,rfsim5g-end-ue-14,0.78,77.80
2026-09-26 15:43:41,pc3,rfsim5g-end-ue-15,2.00,72.20
2026-09-26 15:43:41,pc3,rfsim5g-end-ue-16,1.97,49.90
2026-09-26 15:43:47,pc3,rfsim5g-end-ue-17,2.00,206.00
2026-09-26 15:43:47,pc3,rfsim5g-end-ue-9,3.20,68.00
2026-09-26 15:43:47,pc3,rfsim5g-end-ue-10,3.20,60.40
2026-09-26 15:43:47,pc3,rfsim5g-end-ue-11,3.14,40.30
2026-09-26 15:43:47,pc3,rfsim5g-end-ue-12,0.80,69.70
2026-09-26 15:43:47,pc3,rfsim5g-end-ue-13,0.80,89.50
2026-09-26 15:43:47,pc3,rfsim5g-end-ue-14,0.81,36.00
2026-09-26 15:43:47,pc3,rfsim5g-end-ue-15,2.00,49.40
2026-09-26 15:43:47,pc3,rfsim5g-end-ue-16,1.97,82.20
2026-09-26 15:43:52,pc3,rfsim5g-end-ue-17,2.00,90.00
2026-09-26 15:43:52,pc3,rfsim5g-end-ue-9,3.20,72.10
2026-09-26 15:43:52,pc3,rfsim5g-end-ue-10,3.21,43.40
2026-09-26 15:43:52,pc3,rfsim5g-end-ue-11,3.22,54.30
2026-09-26 15:43:52,pc3,rfsim5g-end-ue-12,0.80,39.80
2026-09-26 15:43:52,pc3,rfsim5g-end-ue-13,0.79,51.60
2026-09-26 15:43:52,pc3,rfsim5g-end-ue-14,0.79,81.60
2026-09-26 15:43:52,pc3,rfsim5g-end-ue-15,1.98,47.90
2026-09-26 15:43:52,pc3,rfsim5g-end-ue-16,1.97,83.40
2026-09-26 15:43:57,pc3,rfsim5g-end-ue-17,2.01,91.00
2026-09-26 15:43:57,pc3,rfsim5g-end-ue-9,3.20,47.70
2026-09-26 15:43:57,pc3,rfsim5g-end-ue-10,3.20,75.70
2026-09-26 15:43:57,pc3,rfsim5g-end-ue-11,3.22,80.30
2026-09-26 15:43:57,pc3,rfsim5g-end-ue-12,0.81,35.90
2026-09-26 15:43:57,pc3,rfsim5g-end-ue-13,0.79,36.80
2026-09-26 15:43:57,pc3,rfsim5g-end-ue-14,0.78,35.30
2026-09-26 15:43:57,pc3,rfsim5g-end-ue-15,1.99,66.30
2026-09-26 15:43:57,pc3,rfsim5g-end-ue-16,1.99,52.40
2026-09-26 15:44:03,pc3,rfsim5g-end-ue-17,2.00,107.00
2026-09-26 15:44:03,pc3,rfsim5g-end-ue-9,3.21,45.90
2026-09-26 15:44:03,pc3,rfsim5g-end-ue-10,3.21,93.40
2026-09-26 15:44:03,pc3,rfsim5g-end-ue-11,3.16,76.50
2026-09-26 15:44:03,pc3,rfsim5g-end-ue-12,0.80,61.80
2026-09-26 15:44:03,pc3,rfsim5g-end-ue-13,0.79,52.00
2026-09-26 15:44:03,pc3,rfsim5g-end-ue-14,0.80,62.60
2026-09-26 15:44:03,pc3,rfsim5g-end-ue-15,1.98,54.10
2026-09-26 15:44:03,pc3,rfsim5g-end-ue-16,2.01,77.80
2026-09-26 15:44:08,pc3,rfsim5g-end-ue-17,1.99,92.60
2026-09-26 15:44:08,pc3,rfsim5g-end-ue-9,3.21,63.30
2026-09-26 15:44:08,pc3,rfsim5g-end-ue-10,3.16,77.00
2026-09-26 15:44:08,pc3,rfsim5g-end-ue-11,3.28,70.00
2026-09-26 15:44:08,pc3,rfsim5g-end-ue-12,0.81,46.00
2026-09-26 15:44:08,pc3,rfsim5g-end-ue-13,0.79,51.70
2026-09-26 15:44:08,pc3,rfsim5g-end-ue-14,0.80,45.80
2026-09-26 15:44:08,pc3,rfsim5g-end-ue-15,1.98,70.60
2026-09-26 15:44:08,pc3,rfsim5g-end-ue-16,2.01,73.80
2026-09-26 15:44:14,pc3,rfsim5g-end-ue-17,2.21,119.00
2026-09-26 15:44:14,pc3,rfsim5g-end-ue-9,3.22,76.20
2026-09-26 15:44:14,pc3,rfsim5g-end-ue-10,3.17,69.50
2026-09-26 15:44:14,pc3,rfsim5g-end-ue-11,3.19,53.50
2026-09-26 15:44:14,pc3,rfsim5g-end-ue-12,0.80,27.00
2026-09-26 15:44:14,pc3,rfsim5g-end-ue-13,0.81,44.00
2026-09-26 15:44:14,pc3,rfsim5g-end-ue-14,0.80,75.10
2026-09-26 15:44:14,pc3,rfsim5g-end-ue-15,2.00,41.50
2026-09-26 15:44:14,pc3,rfsim5g-end-ue-16,2.00,62.10
2026-09-26 15:44:19,pc3,rfsim5g-end-ue-17,2.04,127.00
2026-09-26 15:44:19,pc3,rfsim5g-end-ue-9,3.22,35.00
2026-09-26 15:44:19,pc3,rfsim5g-end-ue-10,3.18,69.80
2026-09-26 15:44:19,pc3,rfsim5g-end-ue-11,3.10,39.10
2026-09-26 15:44:19,pc3,rfsim5g-end-ue-12,0.80,91.40
2026-09-26 15:44:19,pc3,rfsim5g-end-ue-13,0.82,72.80
2026-09-26 15:44:19,pc3,rfsim5g-end-ue-14,0.78,69.30
2026-09-26 15:44:19,pc3,rfsim5g-end-ue-15,1.98,44.30
2026-09-26 15:44:19,pc3,rfsim5g-end-ue-16,1.97,65.30
2026-09-26 15:44:25,pc3,rfsim5g-end-ue-17,1.94,142.00
2026-09-26 15:44:25,pc3,rfsim5g-end-ue-9,3.21,48.70
2026-09-26 15:44:25,pc3,rfsim5g-end-ue-10,3.23,72.40
2026-09-26 15:44:25,pc3,rfsim5g-end-ue-11,3.18,73.60
2026-09-26 15:44:25,pc3,rfsim5g-end-ue-12,0.80,47.10
2026-09-26 15:44:25,pc3,rfsim5g-end-ue-13,0.81,98.50
2026-09-26 15:44:25,pc3,rfsim5g-end-ue-14,0.80,42.10
2026-09-26 15:44:25,pc3,rfsim5g-end-ue-15,2.00,44.80
2026-09-26 15:44:25,pc3,rfsim5g-end-ue-16,1.96,81.90
2026-09-26 15:44:30,pc3,rfsim5g-end-ue-17,1.98,282.00
2026-09-26 15:44:30,pc3,rfsim5g-end-ue-9,3.18,36.10
2026-09-26 15:44:30,pc3,rfsim5g-end-ue-10,3.21,89.30
2026-09-26 15:44:30,pc3,rfsim5g-end-ue-11,3.20,90.00
2026-09-26 15:44:30,pc3,rfsim5g-end-ue-12,0.80,81.10
2026-09-26 15:44:30,pc3,rfsim5g-end-ue-13,0.80,62.10
2026-09-26 15:44:30,pc3,rfsim5g-end-ue-14,0.78,70.30
2026-09-26 15:44:30,pc3,rfsim5g-end-ue-15,1.97,51.60
2026-09-26 15:44:30,pc3,rfsim5g-end-ue-16,1.98,57.20
2026-09-26 15:44:36,pc3,rfsim5g-end-ue-17,1.88,182.00
2026-09-26 15:44:36,pc3,rfsim5g-end-ue-9,3.19,68.90
2026-09-26 15:44:36,pc3,rfsim5g-end-ue-10,3.20,79.80
2026-09-26 15:44:36,pc3,rfsim5g-end-ue-11,3.09,63.80
2026-09-26 15:44:36,pc3,rfsim5g-end-ue-12,0.80,56.50
2026-09-26 15:44:36,pc3,rfsim5g-end-ue-13,0.79,44.40
2026-09-26 15:44:36,pc3,rfsim5g-end-ue-14,0.79,40.90
2026-09-26 15:44:36,pc3,rfsim5g-end-ue-15,1.97,41.40
2026-09-26 15:44:36,pc3,rfsim5g-end-ue-16,1.99,82.40
2026-09-26 15:44:41,pc3,rfsim5g-end-ue-17,1.86,192.00
2026-09-26 15:44:41,pc3,rfsim5g-end-ue-9,3.22,37.20
2026-09-26 15:44:41,pc3,rfsim5g-end-ue-10,2.96,69.80
2026-09-26 15:44:41,pc3,rfsim5g-end-ue-11,3.17,54.30
2026-09-26 15:44:41,pc3,rfsim5g-end-ue-12,0.80,59.30
2026-09-26 15:44:41,pc3,rfsim5g-end-ue-13,0.80,53.90
2026-09-26 15:44:41,pc3,rfsim5g-end-ue-14,0.80,97.30
2026-09-26 15:44:41,pc3,rfsim5g-end-ue-15,1.98,48.40
2026-09-26 15:44:41,pc3,rfsim5g-end-ue-16,1.96,72.60
2026-09-26 15:44:47,pc3,rfsim5g-end-ue-17,1.99,217.00
2026-09-26 15:44:47,pc3,rfsim5g-end-ue-9,3.23,39.10
2026-09-26 15:44:47,pc3,rfsim5g-end-ue-10,3.17,58.90
2026-09-26 15:44:47,pc3,rfsim5g-end-ue-11,3.18,78.20
2026-09-26 15:44:47,pc3,rfsim5g-end-ue-12,0.79,53.00
2026-09-26 15:44:47,pc3,rfsim5g-end-ue-13,0.78,94.80
2026-09-26 15:44:47,pc3,rfsim5g-end-ue-14,0.77,44.70
2026-09-26 15:44:47,pc3,rfsim5g-end-ue-15,1.98,70.30
2026-09-26 15:44:47,pc3,rfsim5g-end-ue-16,1.99,82.10
2026-09-26 15:44:52,pc3,rfsim5g-end-ue-17,2.01,211.00
2026-09-26 15:44:52,pc3,rfsim5g-end-ue-9,3.21,73.90
2026-09-26 15:44:52,pc3,rfsim5g-end-ue-10,3.20,80.60
2026-09-26 15:44:52,pc3,rfsim5g-end-ue-11,3.12,80.00
2026-09-26 15:44:52,pc3,rfsim5g-end-ue-12,0.80,71.90
2026-09-26 15:44:52,pc3,rfsim5g-end-ue-13,0.80,76.40
2026-09-26 15:44:52,pc3,rfsim5g-end-ue-14,0.82,57.20
2026-09-26 15:44:52,pc3,rfsim5g-end-ue-15,2.01,47.90
2026-09-26 15:44:52,pc3,rfsim5g-end-ue-16,2.00,76.60
2026-09-26 15:44:58,pc3,rfsim5g-end-ue-17,1.99,148.00
2026-09-26 15:44:58,pc3,rfsim5g-end-ue-9,3.17,86.10
2026-09-26 15:44:58,pc3,rfsim5g-end-ue-10,3.13,87.10
2026-09-26 15:44:58,pc3,rfsim5g-end-ue-11,3.28,63.50
2026-09-26 15:44:58,pc3,rfsim5g-end-ue-12,0.81,62.90
2026-09-26 15:44:58,pc3,rfsim5g-end-ue-13,0.81,89.80
2026-09-26 15:44:58,pc3,rfsim5g-end-ue-14,0.81,58.80
2026-09-26 15:44:58,pc3,rfsim5g-end-ue-15,2.00,37.40
2026-09-26 15:44:58,pc3,rfsim5g-end-ue-16,1.97,97.10
2026-09-26 15:45:03,pc3,rfsim5g-end-ue-17,3.10,446.00
2026-09-26 15:45:03,pc3,rfsim5g-end-ue-9,3.20,36.40
2026-09-26 15:45:03,pc3,rfsim5g-end-ue-10,3.27,41.00
2026-09-26 15:45:03,pc3,rfsim5g-end-ue-11,0.81,71.90
2026-09-26 15:45:03,pc3,rfsim5g-end-ue-12,0.69,38.20
2026-09-26 15:45:03,pc3,rfsim5g-end-ue-13,0.72,56.90
2026-09-26 15:45:03,pc3,rfsim5g-end-ue-14,,88.70
2026-09-26 15:45:03,pc3,rfsim5g-end-ue-15,2.00,81.60
2026-09-26 15:45:03,pc3,rfsim5g-end-ue-16,1.98,164.00
2026-09-26 15:45:09,pc3,rfsim5g-end-ue-17,3.21,53.20
2026-09-26 15:45:09,pc3,rfsim5g-end-ue-9,3.18,93.10
2026-09-26 15:45:09,pc3,rfsim5g-end-ue-10,1.32,
2026-09-26 15:45:09,pc3,rfsim5g-end-ue-11,0.80,49.60
2026-09-26 15:45:09,pc3,rfsim5g-end-ue-12,0.81,31.00
2026-09-26 15:45:09,pc3,rfsim5g-end-ue-13,0.80,61.60
2026-09-26 15:45:09,pc3,rfsim5g-end-ue-14,1.99,69.60
2026-09-26 15:45:09,pc3,rfsim5g-end-ue-15,1.99,45.00
2026-09-26 15:45:09,pc3,rfsim5g-end-ue-16,1.98,563.00
2026-09-26 15:45:16,pc3,rfsim5g-end-ue-17,3.18,81.60
2026-09-26 15:45:16,pc3,rfsim5g-end-ue-9,3.13,79.00
2026-09-26 15:45:16,pc3,rfsim5g-end-ue-10,3.22,35.00
2026-09-26 15:45:16,pc3,rfsim5g-end-ue-11,0.81,76.20
2026-09-26 15:45:16,pc3,rfsim5g-end-ue-12,0.80,35.60
2026-09-26 15:45:16,pc3,rfsim5g-end-ue-13,0.82,74.90
2026-09-26 15:45:16,pc3,rfsim5g-end-ue-14,1.97,70.00
2026-09-26 15:45:16,pc3,rfsim5g-end-ue-15,2.00,77.10
2026-09-26 15:45:16,pc3,rfsim5g-end-ue-16,2.95,93.40
2026-09-26 15:45:21,pc3,rfsim5g-end-ue-17,3.17,72.00
2026-09-26 15:45:21,pc3,rfsim5g-end-ue-9,3.17,70.60
2026-09-26 15:45:21,pc3,rfsim5g-end-ue-10,3.17,41.70
2026-09-26 15:45:21,pc3,rfsim5g-end-ue-11,0.79,49.80
2026-09-26 15:45:21,pc3,rfsim5g-end-ue-12,0.81,41.70
2026-09-26 15:45:21,pc3,rfsim5g-end-ue-13,0.80,72.60
2026-09-26 15:45:21,pc3,rfsim5g-end-ue-14,2.00,53.90
2026-09-26 15:45:21,pc3,rfsim5g-end-ue-15,1.99,60.70
2026-09-26 15:45:21,pc3,rfsim5g-end-ue-16,2.04,59.60
2026-09-26 15:45:27,pc3,rfsim5g-end-ue-17,3.24,109.00
2026-09-26 15:45:27,pc3,rfsim5g-end-ue-9,3.18,52.70
2026-09-26 15:45:27,pc3,rfsim5g-end-ue-10,3.20,50.40
2026-09-26 15:45:27,pc3,rfsim5g-end-ue-11,0.80,23.60
2026-09-26 15:45:27,pc3,rfsim5g-end-ue-12,0.80,77.00
2026-09-26 15:45:27,pc3,rfsim5g-end-ue-13,0.78,75.60
2026-09-26 15:45:27,pc3,rfsim5g-end-ue-14,2.00,72.40
2026-09-26 15:45:27,pc3,rfsim5g-end-ue-15,1.97,71.00
2026-09-26 15:45:27,pc3,rfsim5g-end-ue-16,2.01,70.00
2026-09-26 15:45:32,pc3,rfsim5g-end-ue-17,3.23,121.00
2026-09-26 15:45:32,pc3,rfsim5g-end-ue-9,3.17,36.60
2026-09-26 15:45:32,pc3,rfsim5g-end-ue-10,3.21,41.80
2026-09-26 15:45:32,pc3,rfsim5g-end-ue-11,0.79,57.90
2026-09-26 15:45:32,pc3,rfsim5g-end-ue-12,0.79,66.50
2026-09-26 15:45:32,pc3,rfsim5g-end-ue-13,0.80,69.30
2026-09-26 15:45:32,pc3,rfsim5g-end-ue-14,1.98,46.90
2026-09-26 15:45:32,pc3,rfsim5g-end-ue-15,1.98,54.40
2026-09-26 15:45:32,pc3,rfsim5g-end-ue-16,2.01,69.40
2026-09-26 15:45:38,pc3,rfsim5g-end-ue-17,3.20,74.80
2026-09-26 15:45:38,pc3,rfsim5g-end-ue-9,3.13,55.40
2026-09-26 15:45:38,pc3,rfsim5g-end-ue-10,3.19,59.40
2026-09-26 15:45:38,pc3,rfsim5g-end-ue-11,0.80,72.90
2026-09-26 15:45:38,pc3,rfsim5g-end-ue-12,0.79,84.90
2026-09-26 15:45:38,pc3,rfsim5g-end-ue-13,0.80,46.00
2026-09-26 15:45:38,pc3,rfsim5g-end-ue-14,1.99,58.80
2026-09-26 15:45:38,pc3,rfsim5g-end-ue-15,2.03,78.00
2026-09-26 15:45:38,pc3,rfsim5g-end-ue-16,2.01,42.60
2026-09-26 15:45:43,pc3,rfsim5g-end-ue-17,3.23,69.10
2026-09-26 15:45:43,pc3,rfsim5g-end-ue-9,3.22,75.50
2026-09-26 15:45:43,pc3,rfsim5g-end-ue-10,3.26,37.10
2026-09-26 15:45:43,pc3,rfsim5g-end-ue-11,0.80,70.10
2026-09-26 15:45:43,pc3,rfsim5g-end-ue-12,0.80,66.70
2026-09-26 15:45:43,pc3,rfsim5g-end-ue-13,0.80,63.20
2026-09-26 15:45:43,pc3,rfsim5g-end-ue-14,1.99,47.10
2026-09-26 15:45:43,pc3,rfsim5g-end-ue-15,1.98,68.30
2026-09-26 15:45:43,pc3,rfsim5g-end-ue-16,2.00,45.30
2026-09-26 15:45:49,pc3,rfsim5g-end-ue-17,3.22,91.70
2026-09-26 15:45:49,pc3,rfsim5g-end-ue-9,3.19,59.40
2026-09-26 15:45:49,pc3,rfsim5g-end-ue-10,3.20,66.10
2026-09-26 15:45:49,pc3,rfsim5g-end-ue-11,0.81,52.10
2026-09-26 15:45:49,pc3,rfsim5g-end-ue-12,0.81,90.40
2026-09-26 15:45:49,pc3,rfsim5g-end-ue-13,0.81,35.20
2026-09-26 15:45:49,pc3,rfsim5g-end-ue-14,2.02,78.80
2026-09-26 15:45:49,pc3,rfsim5g-end-ue-15,1.99,80.00
2026-09-26 15:45:49,pc3,rfsim5g-end-ue-16,1.99,208.00
2026-09-26 15:45:54,pc3,rfsim5g-end-ue-17,3.19,62.60
2026-09-26 15:45:54,pc3,rfsim5g-end-ue-9,3.23,70.80
2026-09-26 15:45:54,pc3,rfsim5g-end-ue-10,3.20,46.70
2026-09-26 15:45:54,pc3,rfsim5g-end-ue-11,0.80,37.50
2026-09-26 15:45:54,pc3,rfsim5g-end-ue-12,0.80,54.60
2026-09-26 15:45:54,pc3,rfsim5g-end-ue-13,0.78,51.50
2026-09-26 15:45:54,pc3,rfsim5g-end-ue-14,2.00,79.30
2026-09-26 15:45:54,pc3,rfsim5g-end-ue-15,2.04,67.90
2026-09-26 15:45:54,pc3,rfsim5g-end-ue-16,1.98,44.20
2026-09-26 15:46:00,pc3,rfsim5g-end-ue-17,3.19,116.00
2026-09-26 15:46:00,pc3,rfsim5g-end-ue-9,3.33,84.40
2026-09-26 15:46:00,pc3,rfsim5g-end-ue-10,3.19,81.80
2026-09-26 15:46:00,pc3,rfsim5g-end-ue-11,0.80,38.30
2026-09-26 15:46:00,pc3,rfsim5g-end-ue-12,0.80,32.10
2026-09-26 15:46:00,pc3,rfsim5g-end-ue-13,0.80,49.10
2026-09-26 15:46:00,pc3,rfsim5g-end-ue-14,1.98,73.50
2026-09-26 15:46:00,pc3,rfsim5g-end-ue-15,1.97,38.50
2026-09-26 15:46:00,pc3,rfsim5g-end-ue-16,2.02,49.90
2026-09-26 15:46:05,pc3,rfsim5g-end-ue-17,3.24,74.90
2026-09-26 15:46:05,pc3,rfsim5g-end-ue-9,3.13,93.00
2026-09-26 15:46:05,pc3,rfsim5g-end-ue-10,3.21,68.70
2026-09-26 15:46:05,pc3,rfsim5g-end-ue-11,0.80,79.90
2026-09-26 15:46:05,pc3,rfsim5g-end-ue-12,0.79,70.50
2026-09-26 15:46:05,pc3,rfsim5g-end-ue-13,0.80,71.80
2026-09-26 15:46:05,pc3,rfsim5g-end-ue-14,2.00,45.40
2026-09-26 15:46:05,pc3,rfsim5g-end-ue-15,2.01,57.10
2026-09-26 15:46:05,pc3,rfsim5g-end-ue-16,1.97,79.00
2026-09-26 15:46:11,pc3,rfsim5g-end-ue-17,3.21,92.10
2026-09-26 15:46:11,pc3,rfsim5g-end-ue-9,3.20,64.20
2026-09-26 15:46:11,pc3,rfsim5g-end-ue-10,2.90,60.80
2026-09-26 15:46:11,pc3,rfsim5g-end-ue-11,0.80,29.10
2026-09-26 15:46:11,pc3,rfsim5g-end-ue-12,0.80,70.50
2026-09-26 15:46:11,pc3,rfsim5g-end-ue-13,0.81,77.60
2026-09-26 15:46:11,pc3,rfsim5g-end-ue-14,1.99,71.60
2026-09-26 15:46:11,pc3,rfsim5g-end-ue-15,1.96,65.40
2026-09-26 15:46:11,pc3,rfsim5g-end-ue-16,2.03,81.60
2026-09-26 15:46:16,pc3,rfsim5g-end-ue-17,3.20,113.00
2026-09-26 15:46:16,pc3,rfsim5g-end-ue-9,3.20,46.80
2026-09-26 15:46:16,pc3,rfsim5g-end-ue-10,3.25,57.30
2026-09-26 15:46:16,pc3,rfsim5g-end-ue-11,0.80,67.60
2026-09-26 15:46:16,pc3,rfsim5g-end-ue-12,0.81,29.40
2026-09-26 15:46:16,pc3,rfsim5g-end-ue-13,0.78,67.40
2026-09-26 15:46:16,pc3,rfsim5g-end-ue-14,2.00,67.30
2026-09-26 15:46:16,pc3,rfsim5g-end-ue-15,1.98,47.90
2026-09-26 15:46:16,pc3,rfsim5g-end-ue-16,1.97,78.50
2026-09-26 15:46:21,pc3,rfsim5g-end-ue-17,3.20,88.00
2026-09-26 15:46:21,pc3,rfsim5g-end-ue-9,3.28,74.00
2026-09-26 15:46:21,pc3,rfsim5g-end-ue-10,3.20,77.90
2026-09-26 15:46:21,pc3,rfsim5g-end-ue-11,0.81,41.10
2026-09-26 15:46:21,pc3,rfsim5g-end-ue-12,0.80,49.10
2026-09-26 15:46:21,pc3,rfsim5g-end-ue-13,0.80,50.60
2026-09-26 15:46:21,pc3,rfsim5g-end-ue-14,2.01,66.00
2026-09-26 15:46:21,pc3,rfsim5g-end-ue-15,2.00,72.90
2026-09-26 15:46:21,pc3,rfsim5g-end-ue-16,1.99,34.60
2026-09-26 15:46:27,pc3,rfsim5g-end-ue-17,3.18,81.30
2026-09-26 15:46:27,pc3,rfsim5g-end-ue-9,3.11,29.10
2026-09-26 15:46:27,pc3,rfsim5g-end-ue-10,3.19,37.50
2026-09-26 15:46:27,pc3,rfsim5g-end-ue-11,0.80,57.80
2026-09-26 15:46:27,pc3,rfsim5g-end-ue-12,0.79,58.90
2026-09-26 15:46:27,pc3,rfsim5g-end-ue-13,0.81,86.20
2026-09-26 15:46:27,pc3,rfsim5g-end-ue-14,2.00,61.60
2026-09-26 15:46:27,pc3,rfsim5g-end-ue-15,1.99,36.50
2026-09-26 15:46:27,pc3,rfsim5g-end-ue-16,1.99,37.60
2026-09-26 15:46:32,pc3,rfsim5g-end-ue-17,3.22,99.50
2026-09-26 15:46:32,pc3,rfsim5g-end-ue-9,3.18,75.50
2026-09-26 15:46:32,pc3,rfsim5g-end-ue-10,3.20,81.50
2026-09-26 15:46:32,pc3,rfsim5g-end-ue-11,0.81,46.80
2026-09-26 15:46:32,pc3,rfsim5g-end-ue-12,0.80,29.80
2026-09-26 15:46:32,pc3,rfsim5g-end-ue-13,0.81,76.70
2026-09-26 15:46:32,pc3,rfsim5g-end-ue-14,2.01,39.30
2026-09-26 15:46:32,pc3,rfsim5g-end-ue-15,2.04,34.30
2026-09-26 15:46:32,pc3,rfsim5g-end-ue-16,1.95,65.50
2026-09-26 15:46:38,pc3,rfsim5g-end-ue-17,3.16,98.60
2026-09-26 15:46:38,pc3,rfsim5g-end-ue-9,3.20,61.00
2026-09-26 15:46:38,pc3,rfsim5g-end-ue-10,3.21,62.30
2026-09-26 15:46:38,pc3,rfsim5g-end-ue-11,0.80,76.20
2026-09-26 15:46:38,pc3,rfsim5g-end-ue-12,0.81,50.60
2026-09-26 15:46:38,pc3,rfsim5g-end-ue-13,0.79,49.10
2026-09-26 15:46:38,pc3,rfsim5g-end-ue-14,2.01,59.90
2026-09-26 15:46:38,pc3,rfsim5g-end-ue-15,2.02,51.50
2026-09-26 15:46:38,pc3,rfsim5g-end-ue-16,2.00,32.90
2026-09-26 15:46:43,pc3,rfsim5g-end-ue-17,3.20,68.20
2026-09-26 15:46:43,pc3,rfsim5g-end-ue-9,3.17,80.70
2026-09-26 15:46:43,pc3,rfsim5g-end-ue-10,3.20,71.60
2026-09-26 15:46:43,pc3,rfsim5g-end-ue-11,0.81,67.20
2026-09-26 15:46:43,pc3,rfsim5g-end-ue-12,0.79,67.20
2026-09-26 15:46:43,pc3,rfsim5g-end-ue-13,0.80,61.60
2026-09-26 15:46:43,pc3,rfsim5g-end-ue-14,2.00,34.30
2026-09-26 15:46:43,pc3,rfsim5g-end-ue-15,1.97,89.00
2026-09-26 15:46:43,pc3,rfsim5g-end-ue-16,2.02,82.10
2026-09-26 15:46:49,pc3,rfsim5g-end-ue-17,3.21,113.00
2026-09-26 15:46:49,pc3,rfsim5g-end-ue-9,3.24,74.70
2026-09-26 15:46:49,pc3,rfsim5g-end-ue-10,3.21,63.90
2026-09-26 15:46:49,pc3,rfsim5g-end-ue-11,0.80,71.30
2026-09-26 15:46:49,pc3,rfsim5g-end-ue-12,0.79,32.80
2026-09-26 15:46:49,pc3,rfsim5g-end-ue-13,0.80,42.50
2026-09-26 15:46:49,pc3,rfsim5g-end-ue-14,2.02,50.30
2026-09-26 15:46:49,pc3,rfsim5g-end-ue-15,1.98,45.70
2026-09-26 15:46:49,pc3,rfsim5g-end-ue-16,1.99,35.70
2026-09-26 15:46:54,pc3,rfsim5g-end-ue-17,3.19,139.00
2026-09-26 15:46:54,pc3,rfsim5g-end-ue-9,3.26,44.60
2026-09-26 15:46:54,pc3,rfsim5g-end-ue-10,3.20,85.70
2026-09-26 15:46:54,pc3,rfsim5g-end-ue-11,0.79,31.80
2026-09-26 15:46:54,pc3,rfsim5g-end-ue-12,0.80,39.90
2026-09-26 15:46:54,pc3,rfsim5g-end-ue-13,0.79,70.20
2026-09-26 15:46:54,pc3,rfsim5g-end-ue-14,2.01,36.10
2026-09-26 15:46:54,pc3,rfsim5g-end-ue-15,2.00,56.10
2026-09-26 15:46:54,pc3,rfsim5g-end-ue-16,2.02,38.40
2026-09-26 15:47:00,pc3,rfsim5g-end-ue-17,3.21,134.00
2026-09-26 15:47:00,pc3,rfsim5g-end-ue-9,3.24,50.40
2026-09-26 15:47:00,pc3,rfsim5g-end-ue-10,3.27,39.90
2026-09-26 15:47:00,pc3,rfsim5g-end-ue-11,0.80,32.00
2026-09-26 15:47:00,pc3,rfsim5g-end-ue-12,0.80,93.30
2026-09-26 15:47:00,pc3,rfsim5g-end-ue-13,0.81,92.90
2026-09-26 15:47:00,pc3,rfsim5g-end-ue-14,2.00,74.10
2026-09-26 15:47:00,pc3,rfsim5g-end-ue-15,2.04,81.40
2026-09-26 15:47:00,pc3,rfsim5g-end-ue-16,1.97,75.00
2026-09-26 15:47:05,pc3,rfsim5g-end-ue-17,3.21,80.80
2026-09-26 15:47:05,pc3,rfsim5g-end-ue-9,3.22,63.80
2026-09-26 15:47:05,pc3,rfsim5g-end-ue-10,3.21,43.20
2026-09-26 15:47:05,pc3,rfsim5g-end-ue-11,0.81,76.90
2026-09-26 15:47:05,pc3,rfsim5g-end-ue-12,0.80,47.30
2026-09-26 15:47:05,pc3,rfsim5g-end-ue-13,0.81,74.90
2026-09-26 15:47:05,pc3,rfsim5g-end-ue-14,2.00,27.40
2026-09-26 15:47:05,pc3,rfsim5g-end-ue-15,2.02,77.90
2026-09-26 15:47:05,pc3,rfsim5g-end-ue-16,1.99,42.50
2026-09-26 15:47:11,pc3,rfsim5g-end-ue-17,3.26,209.00
2026-09-26 15:47:11,pc3,rfsim5g-end-ue-9,3.18,85.40
2026-09-26 15:47:11,pc3,rfsim5g-end-ue-10,,35.50
2026-09-26 15:47:11,pc3,rfsim5g-end-ue-11,0.80,96.70
2026-09-26 15:47:11,pc3,rfsim5g-end-ue-12,0.80,122.00
2026-09-26 15:47:11,pc3,rfsim5g-end-ue-13,0.78,92.40
2026-09-26 15:47:11,pc3,rfsim5g-end-ue-14,1.99,50.10
2026-09-26 15:47:11,pc3,rfsim5g-end-ue-15,2.00,81.60
2026-09-26 15:47:11,pc3,rfsim5g-end-ue-16,2.00,66.00
2026-09-26 15:47:16,pc3,rfsim5g-end-ue-17,3.24,183.00
2026-09-26 15:47:16,pc3,rfsim5g-end-ue-9,1.41,
2026-09-26 15:47:16,pc3,rfsim5g-end-ue-10,0.80,78.40
2026-09-26 15:47:16,pc3,rfsim5g-end-ue-11,0.81,77.80
2026-09-26 15:47:16,pc3,rfsim5g-end-ue-12,0.79,68.40
2026-09-26 15:47:16,pc3,rfsim5g-end-ue-13,1.99,64.40
2026-09-26 15:47:16,pc3,rfsim5g-end-ue-14,1.98,67.00
2026-09-26 15:47:16,pc3,rfsim5g-end-ue-15,2.01,84.10
2026-09-26 15:47:16,pc3,rfsim5g-end-ue-16,3.19,41.90
2026-09-26 15:47:23,pc3,rfsim5g-end-ue-17,3.23,86.70
2026-09-26 15:47:23,pc3,rfsim5g-end-ue-9,6.33,72.50
2026-09-26 15:47:23,pc3,rfsim5g-end-ue-10,0.80,40.10
2026-09-26 15:47:23,pc3,rfsim5g-end-ue-11,0.83,29.70
2026-09-26 15:47:23,pc3,rfsim5g-end-ue-12,0.81,96.50
2026-09-26 15:47:23,pc3,rfsim5g-end-ue-13,1.99,37.30
2026-09-26 15:47:23,pc3,rfsim5g-end-ue-14,1.97,48.50
2026-09-26 15:47:23,pc3,rfsim5g-end-ue-15,1.70,525.00
2026-09-26 15:47:23,pc3,rfsim5g-end-ue-16,3.24,43.40
2026-09-26 15:47:29,pc3,rfsim5g-end-ue-17,3.21,82.50
2026-09-26 15:47:29,pc3,rfsim5g-end-ue-9,3.20,96.70
2026-09-26 15:47:29,pc3,rfsim5g-end-ue-10,0.81,71.00
2026-09-26 15:47:29,pc3,rfsim5g-end-ue-11,0.80,51.30
2026-09-26 15:47:29,pc3,rfsim5g-end-ue-12,0.80,43.80
2026-09-26 15:47:29,pc3,rfsim5g-end-ue-13,1.98,85.10
2026-09-26 15:47:29,pc3,rfsim5g-end-ue-14,1.98,76.00
2026-09-26 15:47:29,pc3,rfsim5g-end-ue-15,1.97,65.90
2026-09-26 15:47:29,pc3,rfsim5g-end-ue-16,3.21,79.80
2026-09-26 15:47:34,pc3,rfsim5g-end-ue-17,3.20,128.00
2026-09-26 15:47:34,pc3,rfsim5g-end-ue-9,3.13,71.10
2026-09-26 15:47:34,pc3,rfsim5g-end-ue-10,0.80,71.30
2026-09-26 15:47:34,pc3,rfsim5g-end-ue-11,0.80,63.90
2026-09-26 15:47:34,pc3,rfsim5g-end-ue-12,0.81,58.60
2026-09-26 15:47:34,pc3,rfsim5g-end-ue-13,1.98,35.30
2026-09-26 15:47:34,pc3,rfsim5g-end-ue-14,1.97,36.90
2026-09-26 15:47:34,pc3,rfsim5g-end-ue-15,2.03,77.90
2026-09-26 15:47:34,pc3,rfsim5g-end-ue-16,3.15,80.60
2026-09-26 15:47:39,pc3,rfsim5g-end-ue-17,3.08,168.00
2026-09-26 15:47:39,pc3,rfsim5g-end-ue-9,3.19,65.90
2026-09-26 15:47:39,pc3,rfsim5g-end-ue-10,0.81,32.00
2026-09-26 15:47:39,pc3,rfsim5g-end-ue-11,0.83,46.10
2026-09-26 15:47:39,pc3,rfsim5g-end-ue-12,0.81,26.10
2026-09-26 15:47:39,pc3,rfsim5g-end-ue-13,1.97,42.70
2026-09-26 15:47:39,pc3,rfsim5g-end-ue-14,1.98,48.30
2026-09-26 15:47:39,pc3,rfsim5g-end-ue-15,1.99,59.10
2026-09-26 15:47:39,pc3,rfsim5g-end-ue-16,3.17,58.70
2026-09-26 15:47:45,pc3,rfsim5g-end-ue-17,3.20,150.00
2026-09-26 15:47:45,pc3,rfsim5g-end-ue-9,3.12,84.80
2026-09-26 15:47:45,pc3,rfsim5g-end-ue-10,0.80,59.80
2026-09-26 15:47:45,pc3,rfsim5g-end-ue-11,0.80,45.70
2026-09-26 15:47:45,pc3,rfsim5g-end-ue-12,0.78,34.20
2026-09-26 15:47:45,pc3,rfsim5g-end-ue-13,1.99,49.70
2026-09-26 15:47:45,pc3,rfsim5g-end-ue-14,2.02,88.80
2026-09-26 15:47:45,pc3,rfsim5g-end-ue-15,1.95,72.40
2026-09-26 15:47:45,pc3,rfsim5g-end-ue-16,3.20,38.10
2026-09-26 15:47:50,pc3,rfsim5g-end-ue-17,3.11,234.00
2026-09-26 15:47:50,pc3,rfsim5g-end-ue-9,3.25,87.10
2026-09-26 15:47:50,pc3,rfsim5g-end-ue-10,0.80,52.00
2026-09-26 15:47:50,pc3,rfsim5g-end-ue-11,0.82,60.00
2026-09-26 15:47:50,pc3,rfsim5g-end-ue-12,0.82,69.10
2026-09-26 15:47:50,pc3,rfsim5g-end-ue-13,2.00,69.10
2026-09-26 15:47:50,pc3,rfsim5g-end-ue-14,1.99,79.40
2026-09-26 15:47:50,pc3,rfsim5g-end-ue-15,2.08,79.60
2026-09-26 15:47:50,pc3,rfsim5g-end-ue-16,3.19,42.30
2026-09-26 15:47:56,pc3,rfsim5g-end-ue-17,3.20,162.00
2026-09-26 15:47:56,pc3,rfsim5g-end-ue-9,3.27,33.30
2026-09-26 15:47:56,pc3,rfsim5g-end-ue-10,0.80,55.50
2026-09-26 15:47:56,pc3,rfsim5g-end-ue-11,0.80,63.90
2026-09-26 15:47:56,pc3,rfsim5g-end-ue-12,0.80,95.20
2026-09-26 15:47:56,pc3,rfsim5g-end-ue-13,2.00,43.20
2026-09-26 15:47:56,pc3,rfsim5g-end-ue-14,1.97,48.70
2026-09-26 15:47:56,pc3,rfsim5g-end-ue-15,1.98,102.00
2026-09-26 15:47:56,pc3,rfsim5g-end-ue-16,3.18,67.20
2026-09-26 15:48:01,pc3,rfsim5g-end-ue-17,3.02,134.00
2026-09-26 15:48:01,pc3,rfsim5g-end-ue-9,3.20,81.40
2026-09-26 15:48:01,pc3,rfsim5g-end-ue-10,0.80,48.60
2026-09-26 15:48:01,pc3,rfsim5g-end-ue-11,0.83,48.80
2026-09-26 15:48:01,pc3,rfsim5g-end-ue-12,0.78,91.40
2026-09-26 15:48:01,pc3,rfsim5g-end-ue-13,2.00,61.50
2026-09-26 15:48:01,pc3,rfsim5g-end-ue-14,1.99,54.60
2026-09-26 15:48:01,pc3,rfsim5g-end-ue-15,,135.00
2026-09-26 15:48:01,pc3,rfsim5g-end-ue-16,3.17,79.80
2026-09-26 15:48:07,pc3,rfsim5g-end-ue-17,3.19,136.00
2026-09-26 15:48:07,pc3,rfsim5g-end-ue-9,3.24,38.50
2026-09-26 15:48:07,pc3,rfsim5g-end-ue-10,0.80,70.10
2026-09-26 15:48:07,pc3,rfsim5g-end-ue-11,0.81,31.10
2026-09-26 15:48:07,pc3,rfsim5g-end-ue-12,0.81,28.20
2026-09-26 15:48:07,pc3,rfsim5g-end-ue-13,2.00,54.50
2026-09-26 15:48:07,pc3,rfsim5g-end-ue-14,2.00,46.40
2026-09-26 15:48:07,pc3,rfsim5g-end-ue-15,2.05,59.40
2026-09-26 15:48:07,pc3,rfsim5g-end-ue-16,3.24,48.80
2026-09-26 15:48:12,pc3,rfsim5g-end-ue-17,3.18,96.20
2026-09-26 15:48:12,pc3,rfsim5g-end-ue-9,3.21,69.00
2026-09-26 15:48:12,pc3,rfsim5g-end-ue-10,0.80,30.30
2026-09-26 15:48:12,pc3,rfsim5g-end-ue-11,0.80,43.70
2026-09-26 15:48:12,pc3,rfsim5g-end-ue-12,0.80,27.40
2026-09-26 15:48:12,pc3,rfsim5g-end-ue-13,1.99,73.40
2026-09-26 15:48:12,pc3,rfsim5g-end-ue-14,2.22,35.60
2026-09-26 15:48:12,pc3,rfsim5g-end-ue-15,2.00,41.80
2026-09-26 15:48:12,pc3,rfsim5g-end-ue-16,3.22,56.00
2026-09-26 15:48:17,pc3,rfsim5g-end-ue-17,3.22,116.00
2026-09-26 15:48:17,pc3,rfsim5g-end-ue-9,3.10,65.50
2026-09-26 15:48:17,pc3,rfsim5g-end-ue-10,0.80,30.20
2026-09-26 15:48:17,pc3,rfsim5g-end-ue-11,0.79,49.80
2026-09-26 15:48:17,pc3,rfsim5g-end-ue-12,0.79,53.30
2026-09-26 15:48:17,pc3,rfsim5g-end-ue-13,2.00,57.20
2026-09-26 15:48:17,pc3,rfsim5g-end-ue-14,2.23,73.30
2026-09-26 15:48:17,pc3,rfsim5g-end-ue-15,1.99,42.80
2026-09-26 15:48:17,pc3,rfsim5g-end-ue-16,3.21,76.20
2026-09-26 15:48:23,pc3,rfsim5g-end-ue-17,3.20,86.80
2026-09-26 15:48:23,pc3,rfsim5g-end-ue-9,3.26,60.10
2026-09-26 15:48:23,pc3,rfsim5g-end-ue-10,0.80,47.00
2026-09-26 15:48:23,pc3,rfsim5g-end-ue-11,0.80,41.90
2026-09-26 15:48:23,pc3,rfsim5g-end-ue-12,0.80,41.20
2026-09-26 15:48:23,pc3,rfsim5g-end-ue-13,1.99,70.90
2026-09-26 15:48:23,pc3,rfsim5g-end-ue-14,1.98,45.50
2026-09-26 15:48:23,pc3,rfsim5g-end-ue-15,2.05,80.10
2026-09-26 15:48:23,pc3,rfsim5g-end-ue-16,3.21,67.00
2026-09-26 15:48:28,pc3,rfsim5g-end-ue-17,3.35,85.30
2026-09-26 15:48:28,pc3,rfsim5g-end-ue-9,3.15,54.10
2026-09-26 15:48:28,pc3,rfsim5g-end-ue-10,0.80,43.80
2026-09-26 15:48:28,pc3,rfsim5g-end-ue-11,0.81,70.90
2026-09-26 15:48:28,pc3,rfsim5g-end-ue-12,0.80,35.50
2026-09-26 15:48:28,pc3,rfsim5g-end-ue-13,2.01,74.20
2026-09-26 15:48:28,pc3,rfsim5g-end-ue-14,2.00,92.10
2026-09-26 15:48:28,pc3,rfsim5g-end-ue-15,2.03,43.90
2026-09-26 15:48:28,pc3,rfsim5g-end-ue-16,3.23,39.60
2026-09-26 15:48:34,pc3,rfsim5g-end-ue-17,3.18,113.00
2026-09-26 15:48:34,pc3,rfsim5g-end-ue-9,3.25,71.00
2026-09-26 15:48:34,pc3,rfsim5g-end-ue-10,0.81,35.60
2026-09-26 15:48:34,pc3,rfsim5g-end-ue-11,0.80,74.70
2026-09-26 15:48:34,pc3,rfsim5g-end-ue-12,0.80,62.00
2026-09-26 15:48:34,pc3,rfsim5g-end-ue-13,2.01,77.30
2026-09-26 15:48:34,pc3,rfsim5g-end-ue-14,2.01,74.70
2026-09-26 15:48:34,pc3,rfsim5g-end-ue-15,2.01,102.00
2026-09-26 15:48:34,pc3,rfsim5g-end-ue-16,3.20,74.80
2026-09-26 15:48:39,pc3,rfsim5g-end-ue-17,3.14,110.00
2026-09-26 15:48:39,pc3,rfsim5g-end-ue-9,3.14,64.30
2026-09-26 15:48:39,pc3,rfsim5g-end-ue-10,0.80,71.80
2026-09-26 15:48:39,pc3,rfsim5g-end-ue-11,0.79,77.50
2026-09-26 15:48:39,pc3,rfsim5g-end-ue-12,0.81,49.50
2026-09-26 15:48:39,pc3,rfsim5g-end-ue-13,2.01,50.90
2026-09-26 15:48:39,pc3,rfsim5g-end-ue-14,2.02,51.40
2026-09-26 15:48:39,pc3,rfsim5g-end-ue-15,2.18,48.40
2026-09-26 15:48:39,pc3,rfsim5g-end-ue-16,3.18,70.40
2026-09-26 15:48:44,pc3,rfsim5g-end-ue-17,2.66,141.00
2026-09-26 15:48:44,pc3,rfsim5g-end-ue-9,3.20,78.20
2026-09-26 15:48:44,pc3,rfsim5g-end-ue-10,0.80,51.40
2026-09-26 15:48:44,pc3,rfsim5g-end-ue-11,0.79,89.60
2026-09-26 15:48:44,pc3,rfsim5g-end-ue-12,0.87,41.60
2026-09-26 15:48:44,pc3,rfsim5g-end-ue-13,2.00,78.80
2026-09-26 15:48:44,pc3,rfsim5g-end-ue-14,1.99,73.20
2026-09-26 15:48:44,pc3,rfsim5g-end-ue-15,1.98,59.20
2026-09-26 15:48:44,pc3,rfsim5g-end-ue-16,3.21,84.00
2026-09-26 15:48:50,pc3,rfsim5g-end-ue-17,3.02,192.00
2026-09-26 15:48:50,pc3,rfsim5g-end-ue-9,3.19,35.30
2026-09-26 15:48:50,pc3,rfsim5g-end-ue-10,0.80,47.40
2026-09-26 15:48:50,pc3,rfsim5g-end-ue-11,0.81,95.60
2026-09-26 15:48:50,pc3,rfsim5g-end-ue-12,0.79,70.30
2026-09-26 15:48:50,pc3,rfsim5g-end-ue-13,1.99,70.70
2026-09-26 15:48:50,pc3,rfsim5g-end-ue-14,1.97,67.80
2026-09-26 15:48:50,pc3,rfsim5g-end-ue-15,1.95,85.80
2026-09-26 15:48:50,pc3,rfsim5g-end-ue-16,3.15,80.70
2026-09-26 15:48:55,pc3,rfsim5g-end-ue-17,3.19,134.00
2026-09-26 15:48:55,pc3,rfsim5g-end-ue-9,3.12,45.20
2026-09-26 15:48:55,pc3,rfsim5g-end-ue-10,0.80,62.90
2026-09-26 15:48:55,pc3,rfsim5g-end-ue-11,0.80,97.80
2026-09-26 15:48:55,pc3,rfsim5g-end-ue-12,0.81,33.00
2026-09-26 15:48:55,pc3,rfsim5g-end-ue-13,1.98,72.20
2026-09-26 15:48:55,pc3,rfsim5g-end-ue-14,2.00,27.80
2026-09-26 15:48:55,pc3,rfsim5g-end-ue-15,2.02,45.00
2026-09-26 15:48:55,pc3,rfsim5g-end-ue-16,3.21,47.00
2026-09-26 15:49:01,pc3,rfsim5g-end-ue-17,3.19,148.00
2026-09-26 15:49:01,pc3,rfsim5g-end-ue-9,3.22,67.60
2026-09-26 15:49:01,pc3,rfsim5g-end-ue-10,0.80,64.10
2026-09-26 15:49:01,pc3,rfsim5g-end-ue-11,0.79,68.50
2026-09-26 15:49:01,pc3,rfsim5g-end-ue-12,0.87,72.30
2026-09-26 15:49:01,pc3,rfsim5g-end-ue-13,2.00,39.70
2026-09-26 15:49:01,pc3,rfsim5g-end-ue-14,1.96,48.80
2026-09-26 15:49:01,pc3,rfsim5g-end-ue-15,2.00,44.40
2026-09-26 15:49:01,pc3,rfsim5g-end-ue-16,3.20,45.30
2026-09-26 15:49:06,pc3,rfsim5g-end-ue-17,3.22,117.00
2026-09-26 15:49:06,pc3,rfsim5g-end-ue-9,3.15,71.30
2026-09-26 15:49:06,pc3,rfsim5g-end-ue-10,0.80,35.50
2026-09-26 15:49:06,pc3,rfsim5g-end-ue-11,0.80,83.80
2026-09-26 15:49:06,pc3,rfsim5g-end-ue-12,0.80,46.90
2026-09-26 15:49:06,pc3,rfsim5g-end-ue-13,2.04,38.40
2026-09-26 15:49:06,pc3,rfsim5g-end-ue-14,1.98,71.60
2026-09-26 15:49:06,pc3,rfsim5g-end-ue-15,2.00,94.50
2026-09-26 15:49:06,pc3,rfsim5g-end-ue-16,3.23,89.70
2026-09-26 15:49:12,pc3,rfsim5g-end-ue-17,3.21,133.00
2026-09-26 15:49:12,pc3,rfsim5g-end-ue-9,3.19,35.60
2026-09-26 15:49:12,pc3,rfsim5g-end-ue-10,0.79,43.70
2026-09-26 15:49:12,pc3,rfsim5g-end-ue-11,0.79,57.00
2026-09-26 15:49:12,pc3,rfsim5g-end-ue-12,0.79,37.60
2026-09-26 15:49:12,pc3,rfsim5g-end-ue-13,2.00,56.70
2026-09-26 15:49:12,pc3,rfsim5g-end-ue-14,2.03,40.70
2026-09-26 15:49:12,pc3,rfsim5g-end-ue-15,1.98,87.30
2026-09-26 15:49:12,pc3,rfsim5g-end-ue-16,3.21,49.90
2026-09-26 15:49:17,pc3,rfsim5g-end-ue-17,3.17,70.00
2026-09-26 15:49:17,pc3,rfsim5g-end-ue-9,3.19,54.80
2026-09-26 15:49:17,pc3,rfsim5g-end-ue-10,0.80,38.60
2026-09-26 15:49:17,pc3,rfsim5g-end-ue-11,0.82,28.80
2026-09-26 15:49:17,pc3,rfsim5g-end-ue-12,0.81,65.50
2026-09-26 15:49:17,pc3,rfsim5g-end-ue-13,2.00,66.50
2026-09-26 15:49:17,pc3,rfsim5g-end-ue-14,2.00,77.10
2026-09-26 15:49:17,pc3,rfsim5g-end-ue-15,2.15,73.50
2026-09-26 15:49:17,pc3,rfsim5g-end-ue-16,3.21,38.40
2026-09-26 15:49:22,pc3,rfsim5g-end-ue-17,3.35,113.00
2026-09-26 15:49:22,pc3,rfsim5g-end-ue-9,3.12,75.10
2026-09-26 15:49:22,pc3,rfsim5g-end-ue-10,0.80,44.50
2026-09-26 15:49:22,pc3,rfsim5g-end-ue-11,0.79,89.50
2026-09-26 15:49:22,pc3,rfsim5g-end-ue-12,0.80,73.60
2026-09-26 15:49:22,pc3,rfsim5g-end-ue-13,2.00,71.70
2026-09-26 15:49:22,pc3,rfsim5g-end-ue-14,1.99,75.30
2026-09-26 15:49:22,pc3,rfsim5g-end-ue-15,2.01,70.70
2026-09-26 15:49:22,pc3,rfsim5g-end-ue-16,3.18,56.10
2026-09-26 15:49:28,pc3,rfsim5g-end-ue-17,0.80,66.90
2026-09-26 15:49:28,pc3,rfsim5g-end-ue-9,0.82,62.30
2026-09-26 15:49:28,pc3,rfsim5g-end-ue-10,0.58,
2026-09-26 15:49:28,pc3,rfsim5g-end-ue-11,,80.90
2026-09-26 15:49:28,pc3,rfsim5g-end-ue-12,0.78,94.90
2026-09-26 15:49:28,pc3,rfsim5g-end-ue-13,2.00,34.10
2026-09-26 15:49:28,pc3,rfsim5g-end-ue-14,1.99,60.80
2026-09-26 15:49:28,pc3,rfsim5g-end-ue-15,1.99,46.70
2026-09-26 15:49:28,pc3,rfsim5g-end-ue-16,3.21,62.70
2026-09-26 15:49:34,pc3,rfsim5g-end-ue-17,0.81,89.20
2026-09-26 15:49:34,pc3,rfsim5g-end-ue-9,0.80,60.30
2026-09-26 15:49:34,pc3,rfsim5g-end-ue-10,0.80,76.10
2026-09-26 15:49:34,pc3,rfsim5g-end-ue-11,2.00,43.50
2026-09-26 15:49:34,pc3,rfsim5g-end-ue-12,2.03,83.60
2026-09-26 15:49:34,pc3,rfsim5g-end-ue-13,4.24,101.00
2026-09-26 15:49:34,pc3,rfsim5g-end-ue-14,3.21,65.50
2026-09-26 15:49:34,pc3,rfsim5g-end-ue-15,,81.50
2026-09-26 15:49:34,pc3,rfsim5g-end-ue-16,3.17,47.80
2026-09-26 15:49:40,pc3,rfsim5g-end-ue-17,0.81,73.20
2026-09-26 15:49:40,pc3,rfsim5g-end-ue-9,0.82,66.50
2026-09-26 15:49:40,pc3,rfsim5g-end-ue-10,0.80,74.80
2026-09-26 15:49:40,pc3,rfsim5g-end-ue-11,2.00,71.10
2026-09-26 15:49:40,pc3,rfsim5g-end-ue-12,2.00,71.10
2026-09-26 15:49:40,pc3,rfsim5g-end-ue-13,1.34,
2026-09-26 15:49:40,pc3,rfsim5g-end-ue-14,3.23,47.20
2026-09-26 15:49:40,pc3,rfsim5g-end-ue-15,3.20,39.90
2026-09-26 15:49:40,pc3,rfsim5g-end-ue-16,5.27,45.00
2026-09-26 15:49:46,pc3,rfsim5g-end-ue-17,0.80,80.30
2026-09-26 15:49:46,pc3,rfsim5g-end-ue-9,0.81,93.60
2026-09-26 15:49:46,pc3,rfsim5g-end-ue-10,0.80,31.10
2026-09-26 15:49:46,pc3,rfsim5g-end-ue-11,2.02,31.20
2026-09-26 15:49:46,pc3,rfsim5g-end-ue-12,2.02,93.40
2026-09-26 15:49:46,pc3,rfsim5g-end-ue-13,2.02,77.50
2026-09-26 15:49:46,pc3,rfsim5g-end-ue-14,3.23,73.10
2026-09-26 15:49:46,pc3,rfsim5g-end-ue-15,3.16,70.00
2026-09-26 15:49:46,pc3,rfsim5g-end-ue-16,1.30,
2026-09-26 15:49:53,pc3,rfsim5g-end-ue-17,0.80,92.60
2026-09-26 15:49:53,pc3,rfsim5g-end-ue-9,0.78,33.60
2026-09-26 15:49:53,pc3,rfsim5g-end-ue-10,0.82,70.90
2026-09-26 15:49:53,pc3,rfsim5g-end-ue-11,1.98,32.40
2026-09-26 15:49:53,pc3,rfsim5g-end-ue-12,1.98,32.60
2026-09-26 15:49:53,pc3,rfsim5g-end-ue-13,1.98,85.20
2026-09-26 15:49:53,pc3,rfsim5g-end-ue-14,3.21,37.60
2026-09-26 15:49:53,pc3,rfsim5g-end-ue-15,3.21,37.00
2026-09-26 15:49:53,pc3,rfsim5g-end-ue-16,4.74,70.80
2026-09-26 15:49:58,pc3,rfsim5g-end-ue-17,0.81,91.40
2026-09-26 15:49:58,pc3,rfsim5g-end-ue-9,0.80,57.20
2026-09-26 15:49:58,pc3,rfsim5g-end-ue-10,0.80,49.80
2026-09-26 15:49:58,pc3,rfsim5g-end-ue-11,1.99,49.40
2026-09-26 15:49:58,pc3,rfsim5g-end-ue-12,1.86,48.90
2026-09-26 15:49:58,pc3,rfsim5g-end-ue-13,1.96,31.80
2026-09-26 15:49:58,pc3,rfsim5g-end-ue-14,3.20,75.50
2026-09-26 15:49:58,pc3,rfsim5g-end-ue-15,3.18,41.60
2026-09-26 15:49:58,pc3,rfsim5g-end-ue-16,3.20,57.90
2026-09-26 15:50:04,pc3,rfsim5g-end-ue-17,0.80,54.50
2026-09-26 15:50:04,pc3,rfsim5g-end-ue-9,0.80,38.40
2026-09-26 15:50:04,pc3,rfsim5g-end-ue-10,0.79,76.60
2026-09-26 15:50:04,pc3,rfsim5g-end-ue-11,2.01,55.90
2026-09-26 15:50:04,pc3,rfsim5g-end-ue-12,2.00,39.70
2026-09-26 15:50:04,pc3,rfsim5g-end-ue-13,2.00,75.60
2026-09-26 15:50:04,pc3,rfsim5g-end-ue-14,3.18,39.70
2026-09-26 15:50:04,pc3,rfsim5g-end-ue-15,3.17,36.30
2026-09-26 15:50:04,pc3,rfsim5g-end-ue-16,3.16,83.40
2026-09-26 15:50:09,pc3,rfsim5g-end-ue-17,0.80,80.10
2026-09-26 15:50:09,pc3,rfsim5g-end-ue-9,0.83,37.10
2026-09-26 15:50:09,pc3,rfsim5g-end-ue-10,0.80,88.00
2026-09-26 15:50:09,pc3,rfsim5g-end-ue-11,1.99,71.80
2026-09-26 15:50:09,pc3,rfsim5g-end-ue-12,1.96,73.40
2026-09-26 15:50:09,pc3,rfsim5g-end-ue-13,1.99,81.90
2026-09-26 15:50:09,pc3,rfsim5g-end-ue-14,3.22,35.10
2026-09-26 15:50:09,pc3,rfsim5g-end-ue-15,3.22,63.90
2026-09-26 15:50:09,pc3,rfsim5g-end-ue-16,3.21,39.00
2026-09-26 15:50:15,pc3,rfsim5g-end-ue-17,0.80,76.70
2026-09-26 15:50:15,pc3,rfsim5g-end-ue-9,0.81,61.00
2026-09-26 15:50:15,pc3,rfsim5g-end-ue-10,0.80,72.90
2026-09-26 15:50:15,pc3,rfsim5g-end-ue-11,1.98,44.00
2026-09-26 15:50:15,pc3,rfsim5g-end-ue-12,2.03,49.90
2026-09-26 15:50:15,pc3,rfsim5g-end-ue-13,2.01,40.80
2026-09-26 15:50:15,pc3,rfsim5g-end-ue-14,3.21,72.80
2026-09-26 15:50:15,pc3,rfsim5g-end-ue-15,3.23,78.70
2026-09-26 15:50:15,pc3,rfsim5g-end-ue-16,3.18,85.50
2026-09-26 15:50:20,pc3,rfsim5g-end-ue-17,0.79,73.60
2026-09-26 15:50:20,pc3,rfsim5g-end-ue-9,0.80,70.70
2026-09-26 15:50:20,pc3,rfsim5g-end-ue-10,0.81,51.00
2026-09-26 15:50:20,pc3,rfsim5g-end-ue-11,1.99,41.00
2026-09-26 15:50:20,pc3,rfsim5g-end-ue-12,1.99,60.10
2026-09-26 15:50:20,pc3,rfsim5g-end-ue-13,1.99,42.50
2026-09-26 15:50:20,pc3,rfsim5g-end-ue-14,3.21,45.30
2026-09-26 15:50:20,pc3,rfsim5g-end-ue-15,3.24,77.10
2026-09-26 15:50:20,pc3,rfsim5g-end-ue-16,3.40,66.60
2026-09-26 15:50:26,pc3,rfsim5g-end-ue-17,0.80,101.00
2026-09-26 15:50:26,pc3,rfsim5g-end-ue-9,0.80,68.30
2026-09-26 15:50:26,pc3,rfsim5g-end-ue-10,0.79,70.70
2026-09-26 15:50:26,pc3,rfsim5g-end-ue-11,2.03,27.80
2026-09-26 15:50:26,pc3,rfsim5g-end-ue-12,2.05,62.50
2026-09-26 15:50:26,pc3,rfsim5g-end-ue-13,2.01,44.90
2026-09-26 15:50:26,pc3,rfsim5g-end-ue-14,3.20,70.00
2026-09-26 15:50:26,pc3,rfsim5g-end-ue-15,3.18,45.40
2026-09-26 15:50:26,pc3,rfsim5g-end-ue-16,3.19,83.10
2026-09-26 15:50:31,pc3,rfsim5g-end-ue-17,0.80,146.00
2026-09-26 15:50:31,pc3,rfsim5g-end-ue-9,0.82,62.60
2026-09-26 15:50:31,pc3,rfsim5g-end-ue-10,0.78,129.00
2026-09-26 15:50:31,pc3,rfsim5g-end-ue-11,2.00,39.50
2026-09-26 15:50:31,pc3,rfsim5g-end-ue-12,2.00,34.90
2026-09-26 15:50:31,pc3,rfsim5g-end-ue-13,1.98,38.70
2026-09-26 15:50:31,pc3,rfsim5g-end-ue-14,3.22,80.90
2026-09-26 15:50:31,pc3,rfsim5g-end-ue-15,3.21,49.00
2026-09-26 15:50:31,pc3,rfsim5g-end-ue-16,3.14,43.30
2026-09-26 15:50:37,pc3,rfsim5g-end-ue-17,0.80,81.10
2026-09-26 15:50:37,pc3,rfsim5g-end-ue-9,0.81,92.90
2026-09-26 15:50:37,pc3,rfsim5g-end-ue-10,0.80,41.30
2026-09-26 15:50:37,pc3,rfsim5g-end-ue-11,2.01,37.00
2026-09-26 15:50:37,pc3,rfsim5g-end-ue-12,2.01,74.10
2026-09-26 15:50:37,pc3,rfsim5g-end-ue-13,2.05,78.80
2026-09-26 15:50:37,pc3,rfsim5g-end-ue-14,3.21,65.50
2026-09-26 15:50:37,pc3,rfsim5g-end-ue-15,3.22,57.50
2026-09-26 15:50:37,pc3,rfsim5g-end-ue-16,3.24,72.10
2026-09-26 15:50:42,pc3,rfsim5g-end-ue-17,0.80,76.50
2026-09-26 15:50:42,pc3,rfsim5g-end-ue-9,0.81,48.10
2026-09-26 15:50:42,pc3,rfsim5g-end-ue-10,0.81,37.80
2026-09-26 15:50:42,pc3,rfsim5g-end-ue-11,1.98,45.50
2026-09-26 15:50:42,pc3,rfsim5g-end-ue-12,2.02,48.30
2026-09-26 15:50:42,pc3,rfsim5g-end-ue-13,2.00,59.60
2026-09-26 15:50:42,pc3,rfsim5g-end-ue-14,3.17,72.90
2026-09-26 15:50:42,pc3,rfsim5g-end-ue-15,3.24,49.30
2026-09-26 15:50:42,pc3,rfsim5g-end-ue-16,3.11,72.30
2026-09-26 15:50:48,pc3,rfsim5g-end-ue-17,0.80,138.00
2026-09-26 15:50:48,pc3,rfsim5g-end-ue-9,0.80,56.60
2026-09-26 15:50:48,pc3,rfsim5g-end-ue-10,0.79,70.10
2026-09-26 15:50:48,pc3,rfsim5g-end-ue-11,2.00,62.70
2026-09-26 15:50:48,pc3,rfsim5g-end-ue-12,1.85,54.90
2026-09-26 15:50:48,pc3,rfsim5g-end-ue-13,2.04,57.20
2026-09-26 15:50:48,pc3,rfsim5g-end-ue-14,3.17,47.50
2026-09-26 15:50:48,pc3,rfsim5g-end-ue-15,3.20,36.90
2026-09-26 15:50:48,pc3,rfsim5g-end-ue-16,3.15,75.60
2026-09-26 15:50:54,pc3,rfsim5g-end-ue-17,0.79,79.30
2026-09-26 15:50:54,pc3,rfsim5g-end-ue-9,0.81,56.30
2026-09-26 15:50:54,pc3,rfsim5g-end-ue-10,0.80,75.70
2026-09-26 15:50:54,pc3,rfsim5g-end-ue-11,1.99,51.40
2026-09-26 15:50:54,pc3,rfsim5g-end-ue-12,1.96,99.00
2026-09-26 15:50:54,pc3,rfsim5g-end-ue-13,1.99,82.40
2026-09-26 15:50:54,pc3,rfsim5g-end-ue-14,3.17,36.20
2026-09-26 15:50:54,pc3,rfsim5g-end-ue-15,3.20,45.40
2026-09-26 15:50:54,pc3,rfsim5g-end-ue-16,3.21,78.40
2026-09-26 15:50:59,pc3,rfsim5g-end-ue-17,0.81,131.00
2026-09-26 15:50:59,pc3,rfsim5g-end-ue-9,0.80,43.20
2026-09-26 15:50:59,pc3,rfsim5g-end-ue-10,0.79,37.50
2026-09-26 15:50:59,pc3,rfsim5g-end-ue-11,2.00,74.60
2026-09-26 15:50:59,pc3,rfsim5g-end-ue-12,2.10,55.00
2026-09-26 15:50:59,pc3,rfsim5g-end-ue-13,2.01,96.00
2026-09-26 15:50:59,pc3,rfsim5g-end-ue-14,3.17,74.80
2026-09-26 15:50:59,pc3,rfsim5g-end-ue-15,3.23,60.30
2026-09-26 15:50:59,pc3,rfsim5g-end-ue-16,2.99,81.10
2026-09-26 15:51:05,pc3,rfsim5g-end-ue-17,0.80,75.30
2026-09-26 15:51:05,pc3,rfsim5g-end-ue-9,0.80,43.60
2026-09-26 15:51:05,pc3,rfsim5g-end-ue-10,0.80,43.90
2026-09-26 15:51:05,pc3,rfsim5g-end-ue-11,2.00,32.50
2026-09-26 15:51:05,pc3,rfsim5g-end-ue-12,1.87,28.60
2026-09-26 15:51:05,pc3,rfsim5g-end-ue-13,1.98,34.20
2026-09-26 15:51:05,pc3,rfsim5g-end-ue-14,3.23,56.70
2026-09-26 15:51:05,pc3,rfsim5g-end-ue-15,3.68,47.50
2026-09-26 15:51:05,pc3,rfsim5g-end-ue-16,3.15,38.80
2026-09-26 15:51:10,pc3,rfsim5g-end-ue-17,0.80,92.90
2026-09-26 15:51:10,pc3,rfsim5g-end-ue-9,0.80,56.20
2026-09-26 15:51:10,pc3,rfsim5g-end-ue-10,0.80,32.60
2026-09-26 15:51:10,pc3,rfsim5g-end-ue-11,2.00,71.20
2026-09-26 15:51:10,pc3,rfsim5g-end-ue-12,2.00,82.10
2026-09-26 15:51:10,pc3,rfsim5g-end-ue-13,2.01,81.10
2026-09-26 15:51:10,pc3,rfsim5g-end-ue-14,3.19,72.40
2026-09-26 15:51:10,pc3,rfsim5g-end-ue-15,3.20,78.30
2026-09-26 15:51:10,pc3,rfsim5g-end-ue-16,3.22,65.80
2026-09-26 15:51:16,pc3,rfsim5g-end-ue-17,0.80,118.00
2026-09-26 15:51:16,pc3,rfsim5g-end-ue-9,0.80,68.80
2026-09-26 15:51:16,pc3,rfsim5g-end-ue-10,0.80,69.40
2026-09-26 15:51:16,pc3,rfsim5g-end-ue-11,2.01,32.40
2026-09-26 15:51:16,pc3,rfsim5g-end-ue-12,2.15,43.40
2026-09-26 15:51:16,pc3,rfsim5g-end-ue-13,2.00,101.00
2026-09-26 15:51:16,pc3,rfsim5g-end-ue-14,3.22,68.20
2026-09-26 15:51:16,pc3,rfsim5g-end-ue-15,3.21,56.10
2026-09-26 15:51:16,pc3,rfsim5g-end-ue-16,3.22,81.90
2026-09-26 15:51:21,pc3,rfsim5g-end-ue-17,0.80,111.00
2026-09-26 15:51:21,pc3,rfsim5g-end-ue-9,0.78,90.00
2026-09-26 15:51:21,pc3,rfsim5g-end-ue-10,0.79,76.50
2026-09-26 15:51:21,pc3,rfsim5g-end-ue-11,2.00,59.70
2026-09-26 15:51:21,pc3,rfsim5g-end-ue-12,1.99,55.10
2026-09-26 15:51:21,pc3,rfsim5g-end-ue-13,2.03,34.90
2026-09-26 15:51:21,pc3,rfsim5g-end-ue-14,3.21,45.80
2026-09-26 15:51:21,pc3,rfsim5g-end-ue-15,3.21,71.00
2026-09-26 15:51:21,pc3,rfsim5g-end-ue-16,3.26,80.20
2026-09-26 15:51:27,pc3,rfsim5g-end-ue-17,0.80,90.10
2026-09-26 15:51:27,pc3,rfsim5g-end-ue-9,0.80,64.50
2026-09-26 15:51:27,pc3,rfsim5g-end-ue-10,0.80,51.20
2026-09-26 15:51:27,pc3,rfsim5g-end-ue-11,2.00,55.50
2026-09-26 15:51:27,pc3,rfsim5g-end-ue-12,1.99,73.60
2026-09-26 15:51:27,pc3,rfsim5g-end-ue-13,2.03,60.80
2026-09-26 15:51:27,pc3,rfsim5g-end-ue-14,3.20,65.00
2026-09-26 15:51:27,pc3,rfsim5g-end-ue-15,3.23,70.90
2026-09-26 15:51:27,pc3,rfsim5g-end-ue-16,3.19,41.70
2026-09-26 15:51:32,pc3,rfsim5g-end-ue-17,0.80,122.00
2026-09-26 15:51:32,pc3,rfsim5g-end-ue-9,0.80,45.80
2026-09-26 15:51:32,pc3,rfsim5g-end-ue-10,0.80,66.00
2026-09-26 15:51:32,pc3,rfsim5g-end-ue-11,2.00,72.00
2026-09-26 15:51:32,pc3,rfsim5g-end-ue-12,2.00,55.30
2026-09-26 15:51:32,pc3,rfsim5g-end-ue-13,1.96,39.40
2026-09-26 15:51:32,pc3,rfsim5g-end-ue-14,3.23,43.20
2026-09-26 15:51:32,pc3,rfsim5g-end-ue-15,3.20,47.70
2026-09-26 15:51:32,pc3,rfsim5g-end-ue-16,3.16,69.10
2026-09-26 15:51:38,pc3,rfsim5g-end-ue-17,0.80,123.00
2026-09-26 15:51:38,pc3,rfsim5g-end-ue-9,0.79,80.00
2026-09-26 15:51:38,pc3,rfsim5g-end-ue-10,0.79,86.20
2026-09-26 15:51:38,pc3,rfsim5g-end-ue-11,2.00,80.20
2026-09-26 15:51:38,pc3,rfsim5g-end-ue-12,1.99,93.50
2026-09-26 15:51:38,pc3,rfsim5g-end-ue-13,2.01,35.00
2026-09-26 15:51:38,pc3,rfsim5g-end-ue-14,3.21,45.30
2026-09-26 15:51:38,pc3,rfsim5g-end-ue-15,3.19,88.00
2026-09-26 15:51:38,pc3,rfsim5g-end-ue-16,3.20,73.30
2026-09-26 15:51:44,pc3,rfsim5g-end-ue-17,0.81,86.60
2026-09-26 15:51:44,pc3,rfsim5g-end-ue-9,0.82,84.00
2026-09-26 15:51:44,pc3,rfsim5g-end-ue-10,1.99,74.60
2026-09-26 15:51:44,pc3,rfsim5g-end-ue-11,2.00,83.30
2026-09-26 15:51:44,pc3,rfsim5g-end-ue-12,2.16,54.50
2026-09-26 15:51:44,pc3,rfsim5g-end-ue-13,,98.40
2026-09-26 15:51:44,pc3,rfsim5g-end-ue-14,3.24,85.20
2026-09-26 15:51:44,pc3,rfsim5g-end-ue-15,3.23,169.00
2026-09-26 15:51:44,pc3,rfsim5g-end-ue-16,3.23,72.30
2026-09-26 15:51:50,pc3,rfsim5g-end-ue-17,0.80,94.80
2026-09-26 15:51:50,pc3,rfsim5g-end-ue-9,0.80,38.80
2026-09-26 15:51:50,pc3,rfsim5g-end-ue-10,1.99,38.80
2026-09-26 15:51:50,pc3,rfsim5g-end-ue-11,2.00,45.30
2026-09-26 15:51:50,pc3,rfsim5g-end-ue-12,1.34,
2026-09-26 15:51:50,pc3,rfsim5g-end-ue-13,3.20,55.80
2026-09-26 15:51:50,pc3,rfsim5g-end-ue-14,3.19,61.80
2026-09-26 15:51:50,pc3,rfsim5g-end-ue-15,2.80,
2026-09-26 15:51:50,pc3,rfsim5g-end-ue-16,0.80,62.60
2026-09-26 15:51:57,pc3,rfsim5g-end-ue-17,0.80,133.00
2026-09-26 15:51:57,pc3,rfsim5g-end-ue-9,0.78,43.80
2026-09-26 15:51:57,pc3,rfsim5g-end-ue-10,2.00,67.00
2026-09-26 15:51:57,pc3,rfsim5g-end-ue-11,2.01,71.30
2026-09-26 15:51:57,pc3,rfsim5g-end-ue-12,2.01,44.70
2026-09-26 15:51:57,pc3,rfsim5g-end-ue-13,3.21,58.10
2026-09-26 15:51:57,pc3,rfsim5g-end-ue-14,3.21,90.60
2026-09-26 15:51:57,pc3,rfsim5g-end-ue-15,6.55,123.00
2026-09-26 15:51:57,pc3,rfsim5g-end-ue-16,0.80,69.30
2026-09-26 15:52:03,pc3,rfsim5g-end-ue-17,0.80,52.20
2026-09-26 15:52:03,pc3,rfsim5g-end-ue-9,0.82,69.50
2026-09-26 15:52:03,pc3,rfsim5g-end-ue-10,2.00,72.90
2026-09-26 15:52:03,pc3,rfsim5g-end-ue-11,1.98,71.30
2026-09-26 15:52:03,pc3,rfsim5g-end-ue-12,1.93,43.60
2026-09-26 15:52:03,pc3,rfsim5g-end-ue-13,3.23,75.60
2026-09-26 15:52:03,pc3,rfsim5g-end-ue-14,3.17,75.50
2026-09-26 15:52:03,pc3,rfsim5g-end-ue-15,3.26,77.50
2026-09-26 15:52:03,pc3,rfsim5g-end-ue-16,0.82,45.30
2026-09-26 15:52:08,pc3,rfsim5g-end-ue-17,0.80,71.30
2026-09-26 15:52:08,pc3,rfsim5g-end-ue-9,0.80,74.10
2026-09-26 15:52:08,pc3,rfsim5g-end-ue-10,1.99,49.60
2026-09-26 15:52:08,pc3,rfsim5g-end-ue-11,2.02,74.60
2026-09-26 15:52:08,pc3,rfsim5g-end-ue-12,1.99,80.40
2026-09-26 15:52:08,pc3,rfsim5g-end-ue-13,3.22,34.60
2026-09-26 15:52:08,pc3,rfsim5g-end-ue-14,3.17,79.90
2026-09-26 15:52:08,pc3,rfsim5g-end-ue-15,3.24,46.20
2026-09-26 15:52:08,pc3,rfsim5g-end-ue-16,0.80,69.90
2026-09-26 15:52:14,pc3,rfsim5g-end-ue-17,0.80,119.00
2026-09-26 15:52:14,pc3,rfsim5g-end-ue-9,0.81,43.00
2026-09-26 15:52:14,pc3,rfsim5g-end-ue-10,2.00,40.40
2026-09-26 15:52:14,pc3,rfsim5g-end-ue-11,1.99,32.70
2026-09-26 15:52:14,pc3,rfsim5g-end-ue-12,2.02,58.50
2026-09-26 15:52:14,pc3,rfsim5g-end-ue-13,3.20,62.00
2026-09-26 15:52:14,pc3,rfsim5g-end-ue-14,3.19,145.00
2026-09-26 15:52:14,pc3,rfsim5g-end-ue-15,3.21,82.40
2026-09-26 15:52:14,pc3,rfsim5g-end-ue-16,0.79,45.90
2026-09-26 15:52:19,pc3,rfsim5g-end-ue-17,0.80,118.00
2026-09-26 15:52:19,pc3,rfsim5g-end-ue-9,0.79,68.90
2026-09-26 15:52:19,pc3,rfsim5g-end-ue-10,2.00,64.40
2026-09-26 15:52:19,pc3,rfsim5g-end-ue-11,1.97,35.70
2026-09-26 15:52:19,pc3,rfsim5g-end-ue-12,2.00,33.90
2026-09-26 15:52:19,pc3,rfsim5g-end-ue-13,3.20,41.10
2026-09-26 15:52:19,pc3,rfsim5g-end-ue-14,3.20,54.80
2026-09-26 15:52:19,pc3,rfsim5g-end-ue-15,3.13,39.20
2026-09-26 15:52:19,pc3,rfsim5g-end-ue-16,0.79,69.80
2026-09-26 15:52:25,pc3,rfsim5g-end-ue-17,0.78,82.70
2026-09-26 15:52:25,pc3,rfsim5g-end-ue-9,0.79,52.60
2026-09-26 15:52:25,pc3,rfsim5g-end-ue-10,1.98,59.60
2026-09-26 15:52:25,pc3,rfsim5g-end-ue-11,2.01,77.60
2026-09-26 15:52:25,pc3,rfsim5g-end-ue-12,1.98,39.30
2026-09-26 15:52:25,pc3,rfsim5g-end-ue-13,3.19,49.00
2026-09-26 15:52:25,pc3,rfsim5g-end-ue-14,3.23,43.00
2026-09-26 15:52:25,pc3,rfsim5g-end-ue-15,3.28,46.10
2026-09-26 15:52:25,pc3,rfsim5g-end-ue-16,0.81,36.90
2026-09-26 15:52:30,pc3,rfsim5g-end-ue-17,0.80,106.00
2026-09-26 15:52:30,pc3,rfsim5g-end-ue-9,0.80,73.10
2026-09-26 15:52:30,pc3,rfsim5g-end-ue-10,1.97,73.00
2026-09-26 15:52:30,pc3,rfsim5g-end-ue-11,2.02,61.60
2026-09-26 15:52:30,pc3,rfsim5g-end-ue-12,1.98,68.70
2026-09-26 15:52:30,pc3,rfsim5g-end-ue-13,3.19,72.40
2026-09-26 15:52:30,pc3,rfsim5g-end-ue-14,3.21,38.20
2026-09-26 15:52:30,pc3,rfsim5g-end-ue-15,3.16,80.40
2026-09-26 15:52:30,pc3,rfsim5g-end-ue-16,0.80,42.90
2026-09-26 15:52:36,pc3,rfsim5g-end-ue-17,0.80,131.00
2026-09-26 15:52:36,pc3,rfsim5g-end-ue-9,0.80,50.00
2026-09-26 15:52:36,pc3,rfsim5g-end-ue-10,1.99,45.90
2026-09-26 15:52:36,pc3,rfsim5g-end-ue-11,1.95,36.40
2026-09-26 15:52:36,pc3,rfsim5g-end-ue-12,1.94,64.00
2026-09-26 15:52:36,pc3,rfsim5g-end-ue-13,3.22,58.50
2026-09-26 15:52:36,pc3,rfsim5g-end-ue-14,3.21,67.40
2026-09-26 15:52:36,pc3,rfsim5g-end-ue-15,3.17,58.80
2026-09-26 15:52:36,pc3,rfsim5g-end-ue-16,0.80,78.50
2026-09-26 15:52:41,pc3,rfsim5g-end-ue-17,0.78,94.40
2026-09-26 15:52:41,pc3,rfsim5g-end-ue-9,0.82,50.40
2026-09-26 15:52:41,pc3,rfsim5g-end-ue-10,2.02,53.30
2026-09-26 15:52:41,pc3,rfsim5g-end-ue-11,2.06,45.00
2026-09-26 15:52:41,pc3,rfsim5g-end-ue-12,2.01,42.40
2026-09-26 15:52:41,pc3,rfsim5g-end-ue-13,3.22,72.50
2026-09-26 15:52:41,pc3,rfsim5g-end-ue-14,3.19,64.00
2026-09-26 15:52:41,pc3,rfsim5g-end-ue-15,3.21,77.20
2026-09-26 15:52:41,pc3,rfsim5g-end-ue-16,0.80,52.30
2026-09-26 15:52:47,pc3,rfsim5g-end-ue-17,0.81,115.00
2026-09-26 15:52:47,pc3,rfsim5g-end-ue-9,0.80,25.20
2026-09-26 15:52:47,pc3,rfsim5g-end-ue-10,1.98,54.40
2026-09-26 15:52:47,pc3,rfsim5g-end-ue-11,1.96,79.10
2026-09-26 15:52:47,pc3,rfsim5g-end-ue-12,1.98,61.50
2026-09-26 15:52:47,pc3,rfsim5g-end-ue-13,3.19,42.70
2026-09-26 15:52:47,pc3,rfsim5g-end-ue-14,3.21,79.80
2026-09-26 15:52:47,pc3,rfsim5g-end-ue-15,3.21,82.20
2026-09-26 15:52:47,pc3,rfsim5g-end-ue-16,0.81,38.90
2026-09-26 15:52:52,pc3,rfsim5g-end-ue-17,0.81,90.80
2026-09-26 15:52:52,pc3,rfsim5g-end-ue-9,0.80,63.10
2026-09-26 15:52:52,pc3,rfsim5g-end-ue-10,1.99,37.60
2026-09-26 15:52:52,pc3,rfsim5g-end-ue-11,2.04,75.50
2026-09-26 15:52:52,pc3,rfsim5g-end-ue-12,2.05,72.10
2026-09-26 15:52:52,pc3,rfsim5g-end-ue-13,3.19,65.30
2026-09-26 15:52:52,pc3,rfsim5g-end-ue-14,3.19,83.90
2026-09-26 15:52:52,pc3,rfsim5g-end-ue-15,3.22,81.20
2026-09-26 15:52:52,pc3,rfsim5g-end-ue-16,0.80,72.10
2026-09-26 15:52:58,pc3,rfsim5g-end-ue-17,0.81,134.00
2026-09-26 15:52:58,pc3,rfsim5g-end-ue-9,0.81,64.20
2026-09-26 15:52:58,pc3,rfsim5g-end-ue-10,2.00,69.90
2026-09-26 15:52:58,pc3,rfsim5g-end-ue-11,1.96,65.50
2026-09-26 15:52:58,pc3,rfsim5g-end-ue-12,1.98,52.50
2026-09-26 15:52:58,pc3,rfsim5g-end-ue-13,3.23,49.70
2026-09-26 15:52:58,pc3,rfsim5g-end-ue-14,3.23,61.00
2026-09-26 15:52:58,pc3,rfsim5g-end-ue-15,3.19,78.50
2026-09-26 15:52:58,pc3,rfsim5g-end-ue-16,0.81,69.20
2026-09-26 15:53:03,pc3,rfsim5g-end-ue-17,0.81,69.40
2026-09-26 15:53:03,pc3,rfsim5g-end-ue-9,0.81,69.20
2026-09-26 15:53:03,pc3,rfsim5g-end-ue-10,2.00,41.50
2026-09-26 15:53:03,pc3,rfsim5g-end-ue-11,1.99,51.50
2026-09-26 15:53:03,pc3,rfsim5g-end-ue-12,2.01,59.60
2026-09-26 15:53:03,pc3,rfsim5g-end-ue-13,3.18,50.00
2026-09-26 15:53:03,pc3,rfsim5g-end-ue-14,3.20,66.90
2026-09-26 15:53:03,pc3,rfsim5g-end-ue-15,3.25,81.30
2026-09-26 15:53:03,pc3,rfsim5g-end-ue-16,0.80,77.50
2026-09-26 15:53:09,pc3,rfsim5g-end-ue-17,0.81,116.00
2026-09-26 15:53:09,pc3,rfsim5g-end-ue-9,0.81,81.60
2026-09-26 15:53:09,pc3,rfsim5g-end-ue-10,2.00,43.20
2026-09-26 15:53:09,pc3,rfsim5g-end-ue-11,2.01,67.70
2026-09-26 15:53:09,pc3,rfsim5g-end-ue-12,1.97,61.70
2026-09-26 15:53:09,pc3,rfsim5g-end-ue-13,3.23,73.00
2026-09-26 15:53:09,pc3,rfsim5g-end-ue-14,3.17,46.90
2026-09-26 15:53:09,pc3,rfsim5g-end-ue-15,3.22,77.30
2026-09-26 15:53:09,pc3,rfsim5g-end-ue-16,0.81,51.70
2026-09-26 15:53:14,pc3,rfsim5g-end-ue-17,0.80,130.00
2026-09-26 15:53:14,pc3,rfsim5g-end-ue-9,0.80,71.60
2026-09-26 15:53:14,pc3,rfsim5g-end-ue-10,2.00,55.90
2026-09-26 15:53:14,pc3,rfsim5g-end-ue-11,2.04,33.80
2026-09-26 15:53:14,pc3,rfsim5g-end-ue-12,2.01,69.30
2026-09-26 15:53:14,pc3,rfsim5g-end-ue-13,3.21,82.50
2026-09-26 15:53:14,pc3,rfsim5g-end-ue-14,3.16,39.90
2026-09-26 15:53:14,pc3,rfsim5g-end-ue-15,3.18,64.30
2026-09-26 15:53:14,pc3,rfsim5g-end-ue-16,0.80,41.30
2026-09-26 15:53:20,pc3,rfsim5g-end-ue-17,0.80,64.50
2026-09-26 15:53:20,pc3,rfsim5g-end-ue-9,0.80,44.00
2026-09-26 15:53:20,pc3,rfsim5g-end-ue-10,1.99,63.60
2026-09-26 15:53:20,pc3,rfsim5g-end-ue-11,1.94,56.90
2026-09-26 15:53:20,pc3,rfsim5g-end-ue-12,2.00,69.20
2026-09-26 15:53:20,pc3,rfsim5g-end-ue-13,3.20,70.20
2026-09-26 15:53:20,pc3,rfsim5g-end-ue-14,3.23,47.90
2026-09-26 15:53:20,pc3,rfsim5g-end-ue-15,3.20,79.50
2026-09-26 15:53:20,pc3,rfsim5g-end-ue-16,0.79,32.70
2026-09-26 15:53:25,pc3,rfsim5g-end-ue-17,0.80,61.10
2026-09-26 15:53:25,pc3,rfsim5g-end-ue-9,0.81,52.80
2026-09-26 15:53:25,pc3,rfsim5g-end-ue-10,2.00,69.10
2026-09-26 15:53:25,pc3,rfsim5g-end-ue-11,2.02,68.60
2026-09-26 15:53:25,pc3,rfsim5g-end-ue-12,2.17,42.50
2026-09-26 15:53:25,pc3,rfsim5g-end-ue-13,3.20,80.90
2026-09-26 15:53:25,pc3,rfsim5g-end-ue-14,3.19,69.50
2026-09-26 15:53:25,pc3,rfsim5g-end-ue-15,3.20,84.80
2026-09-26 15:53:25,pc3,rfsim5g-end-ue-16,0.80,35.30
2026-09-26 15:53:31,pc3,rfsim5g-end-ue-17,0.79,94.40
2026-09-26 15:53:31,pc3,rfsim5g-end-ue-9,0.80,61.20
2026-09-26 15:53:31,pc3,rfsim5g-end-ue-10,2.00,58.20
2026-09-26 15:53:31,pc3,rfsim5g-end-ue-11,2.00,53.30
2026-09-26 15:53:31,pc3,rfsim5g-end-ue-12,1.97,71.30
2026-09-26 15:53:31,pc3,rfsim5g-end-ue-13,3.18,79.10
2026-09-26 15:53:31,pc3,rfsim5g-end-ue-14,3.22,97.80
2026-09-26 15:53:31,pc3,rfsim5g-end-ue-15,3.21,62.90
2026-09-26 15:53:31,pc3,rfsim5g-end-ue-16,0.79,41.80
2026-09-26 15:53:36,pc3,rfsim5g-end-ue-17,0.78,67.70
2026-09-26 15:53:36,pc3,rfsim5g-end-ue-9,0.78,35.80
2026-09-26 15:53:36,pc3,rfsim5g-end-ue-10,2.01,38.70
2026-09-26 15:53:36,pc3,rfsim5g-end-ue-11,1.99,63.70
2026-09-26 15:53:36,pc3,rfsim5g-end-ue-12,1.85,56.20
2026-09-26 15:53:36,pc3,rfsim5g-end-ue-13,3.22,43.60
2026-09-26 15:53:36,pc3,rfsim5g-end-ue-14,3.21,62.50
2026-09-26 15:53:36,pc3,rfsim5g-end-ue-15,3.26,46.20
2026-09-26 15:53:36,pc3,rfsim5g-end-ue-16,0.79,73.00
2026-09-26 15:53:42,pc3,rfsim5g-end-ue-17,0.80,70.00
2026-09-26 15:53:42,pc3,rfsim5g-end-ue-9,0.82,38.80
2026-09-26 15:53:42,pc3,rfsim5g-end-ue-10,1.99,38.60
2026-09-26 15:53:42,pc3,rfsim5g-end-ue-11,1.98,80.10
2026-09-26 15:53:42,pc3,rfsim5g-end-ue-12,2.02,83.00
2026-09-26 15:53:42,pc3,rfsim5g-end-ue-13,3.18,70.70
2026-09-26 15:53:42,pc3,rfsim5g-end-ue-14,3.24,70.60
2026-09-26 15:53:42,pc3,rfsim5g-end-ue-15,3.21,72.70
2026-09-26 15:53:42,pc3,rfsim5g-end-ue-16,0.79,82.70
2026-09-26 15:53:48,pc3,rfsim5g-end-ue-17,0.81,105.00
2026-09-26 15:53:48,pc3,rfsim5g-end-ue-9,0.79,65.00
2026-09-26 15:53:48,pc3,rfsim5g-end-ue-10,2.00,62.00
2026-09-26 15:53:48,pc3,rfsim5g-end-ue-11,1.99,55.20
2026-09-26 15:53:48,pc3,rfsim5g-end-ue-12,1.95,77.80
2026-09-26 15:53:48,pc3,rfsim5g-end-ue-13,3.17,44.40
2026-09-26 15:53:48,pc3,rfsim5g-end-ue-14,3.20,73.90
2026-09-26 15:53:48,pc3,rfsim5g-end-ue-15,3.21,62.50
2026-09-26 15:53:48,pc3,rfsim5g-end-ue-16,0.81,38.10
2026-09-26 15:53:53,pc3,rfsim5g-end-ue-17,0.76,245.00
2026-09-26 15:53:53,pc3,rfsim5g-end-ue-9,0.78,64.50
2026-09-26 15:53:53,pc3,rfsim5g-end-ue-10,2.00,68.10
2026-09-26 15:53:53,pc3,rfsim5g-end-ue-11,1.97,95.70
2026-09-26 15:53:53,pc3,rfsim5g-end-ue-12,1.99,69.00
2026-09-26 15:53:53,pc3,rfsim5g-end-ue-13,3.20,68.00
2026-09-26 15:53:53,pc3,rfsim5g-end-ue-14,3.23,79.10
2026-09-26 15:53:53,pc3,rfsim5g-end-ue-15,3.22,92.20
2026-09-26 15:53:53,pc3,rfsim5g-end-ue-16,0.80,74.90
2026-09-26 15:53:59,pc3,rfsim5g-end-ue-17,0.81,107.00
2026-09-26 15:53:59,pc3,rfsim5g-end-ue-9,2.01,79.60
2026-09-26 15:53:59,pc3,rfsim5g-end-ue-10,2.02,41.30
2026-09-26 15:53:59,pc3,rfsim5g-end-ue-11,2.03,49.50
2026-09-26 15:53:59,pc3,rfsim5g-end-ue-12,3.22,45.90
2026-09-26 15:53:59,pc3,rfsim5g-end-ue-13,3.16,43.50
2026-09-26 15:53:59,pc3,rfsim5g-end-ue-14,3.23,76.30
2026-09-26 15:53:59,pc3,rfsim5g-end-ue-15,,77.70
2026-09-26 15:53:59,pc3,rfsim5g-end-ue-16,0.81,50.70
2026-09-26 15:54:04,pc3,rfsim5g-end-ue-17,0.48,
2026-09-26 15:54:04,pc3,rfsim5g-end-ue-9,1.98,80.60
2026-09-26 15:54:04,pc3,rfsim5g-end-ue-10,2.01,53.20
2026-09-26 15:54:04,pc3,rfsim5g-end-ue-11,1.37,714.00
2026-09-26 15:54:04,pc3,rfsim5g-end-ue-12,3.21,68.80
2026-09-26 15:54:04,pc3,rfsim5g-end-ue-13,3.21,41.70
2026-09-26 15:54:04,pc3,rfsim5g-end-ue-14,1.25,
2026-09-26 15:54:04,pc3,rfsim5g-end-ue-15,0.80,47.10
2026-09-26 15:54:04,pc3,rfsim5g-end-ue-16,0.81,78.10
2026-09-26 15:54:11,pc3,rfsim5g-end-ue-17,0.49,
2026-09-26 15:54:11,pc3,rfsim5g-end-ue-9,2.00,36.70
2026-09-26 15:54:11,pc3,rfsim5g-end-ue-10,1.96,44.20
2026-09-26 15:54:11,pc3,rfsim5g-end-ue-11,1.99,58.80
2026-09-26 15:54:11,pc3,rfsim5g-end-ue-12,3.17,58.90
2026-09-26 15:54:11,pc3,rfsim5g-end-ue-13,3.20,64.00
2026-09-26 15:54:11,pc3,rfsim5g-end-ue-14,5.29,41.00
2026-09-26 15:54:11,pc3,rfsim5g-end-ue-15,0.79,60.40
2026-09-26 15:54:11,pc3,rfsim5g-end-ue-16,0.81,81.00
2026-09-26 15:54:18,pc3,rfsim5g-end-ue-17,0.83,115.00
2026-09-26 15:54:18,pc3,rfsim5g-end-ue-9,2.02,50.40
2026-09-26 15:54:18,pc3,rfsim5g-end-ue-10,2.09,49.00
2026-09-26 15:54:18,pc3,rfsim5g-end-ue-11,1.99,68.70
2026-09-26 15:54:18,pc3,rfsim5g-end-ue-12,3.20,42.00
2026-09-26 15:54:18,pc3,rfsim5g-end-ue-13,3.20,49.20
2026-09-26 15:54:18,pc3,rfsim5g-end-ue-14,3.19,86.10
2026-09-26 15:54:18,pc3,rfsim5g-end-ue-15,0.80,60.30
2026-09-26 15:54:18,pc3,rfsim5g-end-ue-16,0.80,38.20
2026-09-26 15:54:23,pc3,rfsim5g-end-ue-17,0.81,85.00
2026-09-26 15:54:23,pc3,rfsim5g-end-ue-9,1.98,79.70
2026-09-26 15:54:23,pc3,rfsim5g-end-ue-10,1.99,82.90
2026-09-26 15:54:23,pc3,rfsim5g-end-ue-11,1.98,36.20
2026-09-26 15:54:23,pc3,rfsim5g-end-ue-12,3.20,71.80
2026-09-26 15:54:23,pc3,rfsim5g-end-ue-13,3.22,39.40
2026-09-26 15:54:23,pc3,rfsim5g-end-ue-14,3.23,53.20
2026-09-26 15:54:23,pc3,rfsim5g-end-ue-15,0.81,36.00
2026-09-26 15:54:23,pc3,rfsim5g-end-ue-16,0.79,76.80
2026-09-26 15:54:28,pc3,rfsim5g-end-ue-17,0.81,131.00
2026-09-26 15:54:28,pc3,rfsim5g-end-ue-9,2.00,35.50
2026-09-26 15:54:28,pc3,rfsim5g-end-ue-10,1.99,28.30
2026-09-26 15:54:28,pc3,rfsim5g-end-ue-11,1.96,71.40
2026-09-26 15:54:28,pc3,rfsim5g-end-ue-12,3.25,40.30
2026-09-26 15:54:28,pc3,rfsim5g-end-ue-13,3.20,39.30
2026-09-26 15:54:28,pc3,rfsim5g-end-ue-14,3.19,70.50
2026-09-26 15:54:28,pc3,rfsim5g-end-ue-15,0.80,75.70
2026-09-26 15:54:28,pc3,rfsim5g-end-ue-16,0.80,69.00
2026-09-26 15:54:34,pc3,rfsim5g-end-ue-17,,134.00
2026-09-26 15:54:34,pc3,rfsim5g-end-ue-9,2.01,66.90
2026-09-26 15:54:34,pc3,rfsim5g-end-ue-10,1.97,47.90
2026-09-26 15:54:34,pc3,rfsim5g-end-ue-11,1.96,88.80
2026-09-26 15:54:34,pc3,rfsim5g-end-ue-12,3.21,73.40
2026-09-26 15:54:34,pc3,rfsim5g-end-ue-13,3.16,47.20
2026-09-26 15:54:34,pc3,rfsim5g-end-ue-14,3.20,77.60
2026-09-26 15:54:34,pc3,rfsim5g-end-ue-15,0.81,69.80
2026-09-26 15:54:34,pc3,rfsim5g-end-ue-16,0.80,52.60
2026-09-26 15:54:39,pc3,rfsim5g-end-ue-17,0.79,120.00
2026-09-26 15:54:39,pc3,rfsim5g-end-ue-9,2.00,32.70
2026-09-26 15:54:39,pc3,rfsim5g-end-ue-10,2.02,54.00
2026-09-26 15:54:39,pc3,rfsim5g-end-ue-11,2.01,77.80
2026-09-26 15:54:39,pc3,rfsim5g-end-ue-12,3.16,80.50
2026-09-26 15:54:39,pc3,rfsim5g-end-ue-13,3.21,45.90
2026-09-26 15:54:39,pc3,rfsim5g-end-ue-14,3.29,58.10
2026-09-26 15:54:39,pc3,rfsim5g-end-ue-15,0.80,41.50
2026-09-26 15:54:39,pc3,rfsim5g-end-ue-16,0.79,52.50
2026-09-26 15:54:45,pc3,rfsim5g-end-ue-17,0.80,113.00
2026-09-26 15:54:45,pc3,rfsim5g-end-ue-9,2.00,45.00
2026-09-26 15:54:45,pc3,rfsim5g-end-ue-10,2.00,55.10
2026-09-26 15:54:45,pc3,rfsim5g-end-ue-11,1.97,73.40
2026-09-26 15:54:45,pc3,rfsim5g-end-ue-12,3.18,48.60
2026-09-26 15:54:45,pc3,rfsim5g-end-ue-13,3.21,70.10
2026-09-26 15:54:45,pc3,rfsim5g-end-ue-14,3.19,67.00
2026-09-26 15:54:45,pc3,rfsim5g-end-ue-15,0.81,35.60
2026-09-26 15:54:45,pc3,rfsim5g-end-ue-16,0.80,69.70
2026-09-26 15:54:50,pc3,rfsim5g-end-ue-17,0.80,113.00
2026-09-26 15:54:50,pc3,rfsim5g-end-ue-9,1.99,54.60
2026-09-26 15:54:50,pc3,rfsim5g-end-ue-10,2.00,70.90
2026-09-26 15:54:50,pc3,rfsim5g-end-ue-11,2.01,42.30
2026-09-26 15:54:50,pc3,rfsim5g-end-ue-12,3.19,52.40
2026-09-26 15:54:50,pc3,rfsim5g-end-ue-13,3.18,40.90
2026-09-26 15:54:50,pc3,rfsim5g-end-ue-14,3.34,42.20
2026-09-26 15:54:50,pc3,rfsim5g-end-ue-15,0.80,42.00
2026-09-26 15:54:50,pc3,rfsim5g-end-ue-16,0.78,96.40
2026-09-26 15:54:56,pc3,rfsim5g-end-ue-17,0.79,121.00
2026-09-26 15:54:56,pc3,rfsim5g-end-ue-9,1.99,45.00
2026-09-26 15:54:56,pc3,rfsim5g-end-ue-10,2.01,38.30
2026-09-26 15:54:56,pc3,rfsim5g-end-ue-11,1.98,83.70
2026-09-26 15:54:56,pc3,rfsim5g-end-ue-12,3.22,81.50
2026-09-26 15:54:56,pc3,rfsim5g-end-ue-13,3.16,67.20
2026-09-26 15:54:56,pc3,rfsim5g-end-ue-14,3.18,76.90
2026-09-26 15:54:56,pc3,rfsim5g-end-ue-15,0.80,68.00
2026-09-26 15:54:56,pc3,rfsim5g-end-ue-16,0.81,96.20
2026-09-26 15:55:01,pc3,rfsim5g-end-ue-17,0.77,110.00
2026-09-26 15:55:01,pc3,rfsim5g-end-ue-9,2.00,64.60
2026-09-26 15:55:01,pc3,rfsim5g-end-ue-10,2.00,36.70
2026-09-26 15:55:01,pc3,rfsim5g-end-ue-11,1.98,50.80
2026-09-26 15:55:01,pc3,rfsim5g-end-ue-12,3.17,44.70
2026-09-26 15:55:01,pc3,rfsim5g-end-ue-13,3.25,41.10
2026-09-26 15:55:01,pc3,rfsim5g-end-ue-14,3.15,42.10
2026-09-26 15:55:01,pc3,rfsim5g-end-ue-15,0.79,79.50
2026-09-26 15:55:01,pc3,rfsim5g-end-ue-16,0.82,54.00
2026-09-26 15:55:07,pc3,rfsim5g-end-ue-17,0.82,106.00
2026-09-26 15:55:07,pc3,rfsim5g-end-ue-9,1.99,48.40
2026-09-26 15:55:07,pc3,rfsim5g-end-ue-10,1.98,48.50
2026-09-26 15:55:07,pc3,rfsim5g-end-ue-11,2.02,62.60
2026-09-26 15:55:07,pc3,rfsim5g-end-ue-12,3.21,71.10
2026-09-26 15:55:07,pc3,rfsim5g-end-ue-13,3.13,46.30
2026-09-26 15:55:07,pc3,rfsim5g-end-ue-14,3.24,81.70
2026-09-26 15:55:07,pc3,rfsim5g-end-ue-15,0.80,42.60
2026-09-26 15:55:07,pc3,rfsim5g-end-ue-16,0.80,68.00
2026-09-26 15:55:12,pc3,rfsim5g-end-ue-17,0.81,102.00
2026-09-26 15:55:12,pc3,rfsim5g-end-ue-9,2.01,37.50
2026-09-26 15:55:12,pc3,rfsim5g-end-ue-10,2.03,34.00
2026-09-26 15:55:12,pc3,rfsim5g-end-ue-11,1.99,80.90
2026-09-26 15:55:12,pc3,rfsim5g-end-ue-12,3.17,36.90
2026-09-26 15:55:12,pc3,rfsim5g-end-ue-13,3.17,66.20
2026-09-26 15:55:12,pc3,rfsim5g-end-ue-14,3.19,66.30
2026-09-26 15:55:12,pc3,rfsim5g-end-ue-15,0.80,34.50
2026-09-26 15:55:12,pc3,rfsim5g-end-ue-16,0.81,75.90
2026-09-26 15:55:18,pc3,rfsim5g-end-ue-17,0.80,85.60
2026-09-26 15:55:18,pc3,rfsim5g-end-ue-9,2.01,55.90
2026-09-26 15:55:18,pc3,rfsim5g-end-ue-10,1.99,81.80
2026-09-26 15:55:18,pc3,rfsim5g-end-ue-11,1.94,80.10
2026-09-26 15:55:18,pc3,rfsim5g-end-ue-12,3.18,77.30
2026-09-26 15:55:18,pc3,rfsim5g-end-ue-13,3.15,86.70
2026-09-26 15:55:18,pc3,rfsim5g-end-ue-14,3.16,54.10
2026-09-26 15:55:18,pc3,rfsim5g-end-ue-15,0.80,41.90
2026-09-26 15:55:18,pc3,rfsim5g-end-ue-16,0.81,50.60
2026-09-26 15:55:23,pc3,rfsim5g-end-ue-17,0.79,97.90
2026-09-26 15:55:23,pc3,rfsim5g-end-ue-9,2.00,71.80
2026-09-26 15:55:23,pc3,rfsim5g-end-ue-10,1.97,48.70
2026-09-26 15:55:23,pc3,rfsim5g-end-ue-11,2.01,68.60
2026-09-26 15:55:23,pc3,rfsim5g-end-ue-12,3.21,77.30
2026-09-26 15:55:23,pc3,rfsim5g-end-ue-13,3.20,61.10
2026-09-26 15:55:23,pc3,rfsim5g-end-ue-14,3.20,68.60
2026-09-26 15:55:23,pc3,rfsim5g-end-ue-15,0.79,71.60
2026-09-26 15:55:23,pc3,rfsim5g-end-ue-16,0.81,55.50
2026-09-26 15:55:29,pc3,rfsim5g-end-ue-17,0.78,65.00
2026-09-26 15:55:29,pc3,rfsim5g-end-ue-9,2.00,28.30
2026-09-26 15:55:29,pc3,rfsim5g-end-ue-10,1.92,52.90
2026-09-26 15:55:29,pc3,rfsim5g-end-ue-11,2.00,43.70
2026-09-26 15:55:29,pc3,rfsim5g-end-ue-12,3.18,74.50
2026-09-26 15:55:29,pc3,rfsim5g-end-ue-13,3.22,34.90
2026-09-26 15:55:29,pc3,rfsim5g-end-ue-14,3.14,123.00
2026-09-26 15:55:29,pc3,rfsim5g-end-ue-15,0.80,41.30
2026-09-26 15:55:29,pc3,rfsim5g-end-ue-16,0.79,93.90
2026-09-26 15:55:34,pc3,rfsim5g-end-ue-17,0.83,93.70
2026-09-26 15:55:34,pc3,rfsim5g-end-ue-9,2.02,66.60
2026-09-26 15:55:34,pc3,rfsim5g-end-ue-10,1.98,35.00
2026-09-26 15:55:34,pc3,rfsim5g-end-ue-11,2.02,79.40
2026-09-26 15:55:34,pc3,rfsim5g-end-ue-12,3.19,76.30
2026-09-26 15:55:34,pc3,rfsim5g-end-ue-13,3.26,52.60
2026-09-26 15:55:34,pc3,rfsim5g-end-ue-14,3.25,63.70
2026-09-26 15:55:34,pc3,rfsim5g-end-ue-15,0.81,40.30
2026-09-26 15:55:34,pc3,rfsim5g-end-ue-16,0.79,49.00
2026-09-26 15:55:40,pc3,rfsim5g-end-ue-17,0.80,67.70
2026-09-26 15:55:40,pc3,rfsim5g-end-ue-9,1.99,46.90
2026-09-26 15:55:40,pc3,rfsim5g-end-ue-10,1.98,86.00
2026-09-26 15:55:40,pc3,rfsim5g-end-ue-11,2.03,85.90
2026-09-26 15:55:40,pc3,rfsim5g-end-ue-12,3.21,78.30
2026-09-26 15:55:40,pc3,rfsim5g-end-ue-13,3.19,68.40
2026-09-26 15:55:40,pc3,rfsim5g-end-ue-14,3.22,42.80
2026-09-26 15:55:40,pc3,rfsim5g-end-ue-15,0.81,72.20
2026-09-26 15:55:40,pc3,rfsim5g-end-ue-16,0.80,75.10
2026-09-26 15:55:45,pc3,rfsim5g-end-ue-17,0.79,81.20
2026-09-26 15:55:45,pc3,rfsim5g-end-ue-9,2.00,62.80
2026-09-26 15:55:45,pc3,rfsim5g-end-ue-10,1.98,32.30
2026-09-26 15:55:45,pc3,rfsim5g-end-ue-11,1.99,84.40
2026-09-26 15:55:45,pc3,rfsim5g-end-ue-12,3.21,54.80
2026-09-26 15:55:45,pc3,rfsim5g-end-ue-13,3.18,84.80
2026-09-26 15:55:45,pc3,rfsim5g-end-ue-14,3.14,57.20
2026-09-26 15:55:45,pc3,rfsim5g-end-ue-15,0.80,42.40
2026-09-26 15:55:45,pc3,rfsim5g-end-ue-16,0.81,50.90
2026-09-26 15:55:51,pc3,rfsim5g-end-ue-17,0.80,167.00
2026-09-26 15:55:51,pc3,rfsim5g-end-ue-9,2.00,58.70
2026-09-26 15:55:51,pc3,rfsim5g-end-ue-10,2.00,48.80
2026-09-26 15:55:51,pc3,rfsim5g-end-ue-11,2.00,74.00
2026-09-26 15:55:51,pc3,rfsim5g-end-ue-12,3.20,48.50
2026-09-26 15:55:51,pc3,rfsim5g-end-ue-13,3.20,35.20
2026-09-26 15:55:51,pc3,rfsim5g-end-ue-14,3.22,75.50
2026-09-26 15:55:51,pc3,rfsim5g-end-ue-15,0.80,80.60
2026-09-26 15:55:51,pc3,rfsim5g-end-ue-16,0.80,59.40
2026-09-26 15:55:57,pc3,rfsim5g-end-ue-17,0.77,103.00
2026-09-26 15:55:57,pc3,rfsim5g-end-ue-9,2.01,74.40
2026-09-26 15:55:57,pc3,rfsim5g-end-ue-10,2.02,67.20
2026-09-26 15:55:57,pc3,rfsim5g-end-ue-11,1.98,51.90
2026-09-26 15:55:57,pc3,rfsim5g-end-ue-12,3.21,79.40
2026-09-26 15:55:57,pc3,rfsim5g-end-ue-13,3.22,71.70
2026-09-26 15:55:57,pc3,rfsim5g-end-ue-14,3.19,44.20
2026-09-26 15:55:57,pc3,rfsim5g-end-ue-15,0.81,52.90
2026-09-26 15:55:57,pc3,rfsim5g-end-ue-16,0.79,70.70
2026-09-26 15:56:02,pc3,rfsim5g-end-ue-17,0.82,60.90
2026-09-26 15:56:02,pc3,rfsim5g-end-ue-9,2.02,43.00
2026-09-26 15:56:02,pc3,rfsim5g-end-ue-10,1.96,56.60
2026-09-26 15:56:02,pc3,rfsim5g-end-ue-11,2.01,83.10
2026-09-26 15:56:02,pc3,rfsim5g-end-ue-12,3.20,50.50
2026-09-26 15:56:02,pc3,rfsim5g-end-ue-13,3.21,45.10
2026-09-26 15:56:02,pc3,rfsim5g-end-ue-14,3.18,63.00
2026-09-26 15:56:02,pc3,rfsim5g-end-ue-15,0.80,52.10
2026-09-26 15:56:02,pc3,rfsim5g-end-ue-16,0.80,94.50
2026-09-26 15:56:08,pc3,rfsim5g-end-ue-17,0.82,130.00
2026-09-26 15:56:08,pc3,rfsim5g-end-ue-9,2.00,39.00
2026-09-26 15:56:08,pc3,rfsim5g-end-ue-10,2.03,63.00
2026-09-26 15:56:08,pc3,rfsim5g-end-ue-11,2.01,63.30
2026-09-26 15:56:08,pc3,rfsim5g-end-ue-12,3.24,45.40
2026-09-26 15:56:08,pc3,rfsim5g-end-ue-13,3.32,46.80
2026-09-26 15:56:08,pc3,rfsim5g-end-ue-14,3.14,81.20
2026-09-26 15:56:08,pc3,rfsim5g-end-ue-15,0.80,77.70
2026-09-26 15:56:08,pc3,rfsim5g-end-ue-16,0.80,63.10
2026-09-26 15:56:13,pc3,rfsim5g-end-ue-17,2.01,136.00
2026-09-26 15:56:13,pc3,rfsim5g-end-ue-9,1.93,54.30
2026-09-26 15:56:13,pc3,rfsim5g-end-ue-10,1.85,114.00
2026-09-26 15:56:13,pc3,rfsim5g-end-ue-11,,96.50
2026-09-26 15:56:13,pc3,rfsim5g-end-ue-12,3.17,44.90
2026-09-26 15:56:13,pc3,rfsim5g-end-ue-13,3.22,43.70
2026-09-26 15:56:13,pc3,rfsim5g-end-ue-14,3.19,46.40
2026-09-26 15:56:13,pc3,rfsim5g-end-ue-15,0.81,59.70
2026-09-26 15:56:13,pc3,rfsim5g-end-ue-16,0.81,77.40
2026-09-26 15:56:19,pc3,rfsim5g-end-ue-17,2.00,71.90
2026-09-26 15:56:19,pc3,rfsim5g-end-ue-9,2.03,59.40
2026-09-26 15:56:19,pc3,rfsim5g-end-ue-10,1.34,
2026-09-26 15:56:19,pc3,rfsim5g-end-ue-11,3.20,72.20
2026-09-26 15:56:19,pc3,rfsim5g-end-ue-12,3.15,80.90
2026-09-26 15:56:19,pc3,rfsim5g-end-ue-13,3.20,447.00
2026-09-26 15:56:19,pc3,rfsim5g-end-ue-14,0.81,76.00
2026-09-26 15:56:19,pc3,rfsim5g-end-ue-15,0.82,74.00
2026-09-26 15:56:19,pc3,rfsim5g-end-ue-16,0.88,80.40
2026-09-26 15:56:26,pc3,rfsim5g-end-ue-17,2.01,75.00
2026-09-26 15:56:26,pc3,rfsim5g-end-ue-9,1.99,70.00
2026-09-26 15:56:26,pc3,rfsim5g-end-ue-10,2.03,45.80
2026-09-26 15:56:26,pc3,rfsim5g-end-ue-11,3.17,55.70
2026-09-26 15:56:26,pc3,rfsim5g-end-ue-12,3.28,56.50
2026-09-26 15:56:26,pc3,rfsim5g-end-ue-13,2.24,
2026-09-26 15:56:26,pc3,rfsim5g-end-ue-14,0.79,48.80
2026-09-26 15:56:26,pc3,rfsim5g-end-ue-15,0.80,24.30
2026-09-26 15:56:26,pc3,rfsim5g-end-ue-16,0.80,35.20
2026-09-26 15:56:32,pc3,rfsim5g-end-ue-17,2.00,113.00
2026-09-26 15:56:32,pc3,rfsim5g-end-ue-9,2.00,37.10
2026-09-26 15:56:32,pc3,rfsim5g-end-ue-10,2.03,37.30
2026-09-26 15:56:32,pc3,rfsim5g-end-ue-11,3.17,58.20
2026-09-26 15:56:32,pc3,rfsim5g-end-ue-12,3.29,74.30
2026-09-26 15:56:32,pc3,rfsim5g-end-ue-13,3.31,61.30
2026-09-26 15:56:32,pc3,rfsim5g-end-ue-14,0.81,45.60
2026-09-26 15:56:32,pc3,rfsim5g-end-ue-15,0.79,52.20
2026-09-26 15:56:32,pc3,rfsim5g-end-ue-16,0.79,92.60
2026-09-26 15:56:38,pc3,rfsim5g-end-ue-17,2.00,119.00
2026-09-26 15:56:38,pc3,rfsim5g-end-ue-9,1.98,72.80
2026-09-26 15:56:38,pc3,rfsim5g-end-ue-10,2.00,73.50
2026-09-26 15:56:38,pc3,rfsim5g-end-ue-11,3.19,37.20
2026-09-26 15:56:38,pc3,rfsim5g-end-ue-12,3.17,89.40
2026-09-26 15:56:38,pc3,rfsim5g-end-ue-13,3.09,61.90
2026-09-26 15:56:38,pc3,rfsim5g-end-ue-14,0.80,62.80
2026-09-26 15:56:38,pc3,rfsim5g-end-ue-15,0.80,79.40
2026-09-26 15:56:38,pc3,rfsim5g-end-ue-16,0.79,75.30
2026-09-26 15:56:43,pc3,rfsim5g-end-ue-17,1.98,138.00
2026-09-26 15:56:43,pc3,rfsim5g-end-ue-9,1.96,37.90
2026-09-26 15:56:43,pc3,rfsim5g-end-ue-10,2.00,72.00
2026-09-26 15:56:43,pc3,rfsim5g-end-ue-11,3.20,73.10
2026-09-26 15:56:43,pc3,rfsim5g-end-ue-12,3.21,83.30
2026-09-26 15:56:43,pc3,rfsim5g-end-ue-13,3.20,60.70
2026-09-26 15:56:43,pc3,rfsim5g-end-ue-14,0.79,72.40
2026-09-26 15:56:43,pc3,rfsim5g-end-ue-15,0.80,83.50
2026-09-26 15:56:43,pc3,rfsim5g-end-ue-16,0.79,56.30
2026-09-26 15:56:49,pc3,rfsim5g-end-ue-17,2.00,105.00
2026-09-26 15:56:49,pc3,rfsim5g-end-ue-9,2.00,56.50
2026-09-26 15:56:49,pc3,rfsim5g-end-ue-10,2.00,91.50
2026-09-26 15:56:49,pc3,rfsim5g-end-ue-11,3.24,70.40
2026-09-26 15:56:49,pc3,rfsim5g-end-ue-12,3.16,59.70
2026-09-26 15:56:49,pc3,rfsim5g-end-ue-13,3.21,102.00
2026-09-26 15:56:49,pc3,rfsim5g-end-ue-14,0.80,46.20
2026-09-26 15:56:49,pc3,rfsim5g-end-ue-15,0.80,33.00
2026-09-26 15:56:49,pc3,rfsim5g-end-ue-16,0.80,75.80
2026-09-26 15:56:54,pc3,rfsim5g-end-ue-17,1.99,67.30
2026-09-26 15:56:54,pc3,rfsim5g-end-ue-9,2.02,44.40
2026-09-26 15:56:54,pc3,rfsim5g-end-ue-10,1.99,68.20
2026-09-26 15:56:54,pc3,rfsim5g-end-ue-11,3.20,57.00
2026-09-26 15:56:54,pc3,rfsim5g-end-ue-12,3.28,83.00
2026-09-26 15:56:54,pc3,rfsim5g-end-ue-13,3.24,67.30
2026-09-26 15:56:54,pc3,rfsim5g-end-ue-14,0.80,67.80
2026-09-26 15:56:54,pc3,rfsim5g-end-ue-15,0.80,67.30
2026-09-26 15:56:54,pc3,rfsim5g-end-ue-16,,63.30
2026-09-26 15:57:00,pc3,rfsim5g-end-ue-17,2.01,57.80
2026-09-26 15:57:00,pc3,rfsim5g-end-ue-9,1.99,86.50
2026-09-26 15:57:00,pc3,rfsim5g-end-ue-10,2.00,70.00
2026-09-26 15:57:00,pc3,rfsim5g-end-ue-11,3.19,75.80
2026-09-26 15:57:00,pc3,rfsim5g-end-ue-12,3.20,84.70
2026-09-26 15:57:00,pc3,rfsim5g-end-ue-13,3.27,65.10
2026-09-26 15:57:00,pc3,rfsim5g-end-ue-14,0.80,44.50
2026-09-26 15:57:00,pc3,rfsim5g-end-ue-15,0.80,62.70
2026-09-26 15:57:00,pc3,rfsim5g-end-ue-16,0.80,49.10
2026-09-26 15:57:05,pc3,rfsim5g-end-ue-17,1.99,76.80
2026-09-26 15:57:05,pc3,rfsim5g-end-ue-9,2.00,48.90
2026-09-26 15:57:05,pc3,rfsim5g-end-ue-10,1.99,40.20
2026-09-26 15:57:05,pc3,rfsim5g-end-ue-11,3.19,50.50
2026-09-26 15:57:05,pc3,rfsim5g-end-ue-12,3.21,54.40
2026-09-26 15:57:05,pc3,rfsim5g-end-ue-13,3.21,110.00
2026-09-26 15:57:05,pc3,rfsim5g-end-ue-14,0.80,43.60
2026-09-26 15:57:05,pc3,rfsim5g-end-ue-15,0.81,84.50
2026-09-26 15:57:05,pc3,rfsim5g-end-ue-16,0.81,57.10
2026-09-26 15:57:10,pc3,rfsim5g-end-ue-17,1.99,90.10
2026-09-26 15:57:10,pc3,rfsim5g-end-ue-9,1.97,70.20
2026-09-26 15:57:10,pc3,rfsim5g-end-ue-10,1.99,52.70
2026-09-26 15:57:10,pc3,rfsim5g-end-ue-11,3.20,36.40
2026-09-26 15:57:10,pc3,rfsim5g-end-ue-12,3.27,79.80
2026-09-26 15:57:10,pc3,rfsim5g-end-ue-13,3.15,72.80
2026-09-26 15:57:10,pc3,rfsim5g-end-ue-14,0.81,41.20
2026-09-26 15:57:10,pc3,rfsim5g-end-ue-15,0.80,67.90
2026-09-26 15:57:10,pc3,rfsim5g-end-ue-16,0.79,31.50
2026-09-26 15:57:16,pc3,rfsim5g-end-ue-17,2.01,77.10
2026-09-26 15:57:16,pc3,rfsim5g-end-ue-9,2.00,76.30
2026-09-26 15:57:16,pc3,rfsim5g-end-ue-10,1.99,89.10
2026-09-26 15:57:16,pc3,rfsim5g-end-ue-11,3.20,41.20
2026-09-26 15:57:16,pc3,rfsim5g-end-ue-12,3.15,79.50
2026-09-26 15:57:16,pc3,rfsim5g-end-ue-13,3.22,74.00
2026-09-26 15:57:16,pc3,rfsim5g-end-ue-14,0.80,41.60
2026-09-26 15:57:16,pc3,rfsim5g-end-ue-15,0.81,53.50
2026-09-26 15:57:16,pc3,rfsim5g-end-ue-16,0.81,59.00
2026-09-26 15:57:21,pc3,rfsim5g-end-ue-17,2.01,101.00
2026-09-26 15:57:21,pc3,rfsim5g-end-ue-9,2.01,74.70
2026-09-26 15:57:21,pc3,rfsim5g-end-ue-10,1.99,46.00
2026-09-26 15:57:21,pc3,rfsim5g-end-ue-11,3.17,78.70
2026-09-26 15:57:21,pc3,rfsim5g-end-ue-12,3.23,85.40
2026-09-26 15:57:21,pc3,rfsim5g-end-ue-13,3.17,81.20
2026-09-26 15:57:21,pc3,rfsim5g-end-ue-14,0.81,39.00
2026-09-26 15:57:21,pc3,rfsim5g-end-ue-15,0.79,76.40
2026-09-26 15:57:21,pc3,rfsim5g-end-ue-16,0.80,63.80
2026-09-26 15:57:27,pc3,rfsim5g-end-ue-17,2.00,113.00
2026-09-26 15:57:27,pc3,rfsim5g-end-ue-9,2.00,82.30
2026-09-26 15:57:27,pc3,rfsim5g-end-ue-10,2.03,82.30
2026-09-26 15:57:27,pc3,rfsim5g-end-ue-11,3.21,77.30
2026-09-26 15:57:27,pc3,rfsim5g-end-ue-12,3.23,78.20
2026-09-26 15:57:27,pc3,rfsim5g-end-ue-13,3.26,32.50
2026-09-26 15:57:27,pc3,rfsim5g-end-ue-14,0.80,55.10
2026-09-26 15:57:27,pc3,rfsim5g-end-ue-15,0.79,68.00
2026-09-26 15:57:27,pc3,rfsim5g-end-ue-16,0.81,77.10
2026-09-26 15:57:32,pc3,rfsim5g-end-ue-17,2.00,96.80
2026-09-26 15:57:32,pc3,rfsim5g-end-ue-9,1.99,38.20
2026-09-26 15:57:32,pc3,rfsim5g-end-ue-10,2.00,40.30
2026-09-26 15:57:32,pc3,rfsim5g-end-ue-11,3.18,36.80
2026-09-26 15:57:32,pc3,rfsim5g-end-ue-12,3.29,81.20
2026-09-26 15:57:32,pc3,rfsim5g-end-ue-13,3.18,68.20
2026-09-26 15:57:32,pc3,rfsim5g-end-ue-14,0.81,70.20
2026-09-26 15:57:32,pc3,rfsim5g-end-ue-15,0.80,80.60
2026-09-26 15:57:32,pc3,rfsim5g-end-ue-16,0.80,73.50
2026-09-26 15:57:38,pc3,rfsim5g-end-ue-17,1.99,82.60
2026-09-26 15:57:38,pc3,rfsim5g-end-ue-9,2.01,72.70
2026-09-26 15:57:38,pc3,rfsim5g-end-ue-10,2.01,64.60
2026-09-26 15:57:38,pc3,rfsim5g-end-ue-11,3.20,76.50
2026-09-26 15:57:38,pc3,rfsim5g-end-ue-12,3.30,69.30
2026-09-26 15:57:38,pc3,rfsim5g-end-ue-13,3.20,78.00
2026-09-26 15:57:38,pc3,rfsim5g-end-ue-14,0.81,36.20
2026-09-26 15:57:38,pc3,rfsim5g-end-ue-15,0.80,57.70
2026-09-26 15:57:38,pc3,rfsim5g-end-ue-16,0.81,37.10
2026-09-26 15:57:44,pc3,rfsim5g-end-ue-17,2.02,76.50
2026-09-26 15:57:44,pc3,rfsim5g-end-ue-9,2.03,45.30
2026-09-26 15:57:44,pc3,rfsim5g-end-ue-10,1.99,46.10
2026-09-26 15:57:44,pc3,rfsim5g-end-ue-11,3.21,79.00
2026-09-26 15:57:44,pc3,rfsim5g-end-ue-12,3.16,89.30
2026-09-26 15:57:44,pc3,rfsim5g-end-ue-13,3.10,60.40
2026-09-26 15:57:44,pc3,rfsim5g-end-ue-14,0.81,33.60
2026-09-26 15:57:44,pc3,rfsim5g-end-ue-15,0.81,41.60
2026-09-26 15:57:44,pc3,rfsim5g-end-ue-16,0.80,56.60
2026-09-26 15:57:49,pc3,rfsim5g-end-ue-17,2.00,64.70
2026-09-26 15:57:49,pc3,rfsim5g-end-ue-9,1.98,92.90
2026-09-26 15:57:49,pc3,rfsim5g-end-ue-10,1.99,74.90
2026-09-26 15:57:49,pc3,rfsim5g-end-ue-11,3.19,42.00
2026-09-26 15:57:49,pc3,rfsim5g-end-ue-12,3.13,59.60
2026-09-26 15:57:49,pc3,rfsim5g-end-ue-13,3.20,32.50
2026-09-26 15:57:49,pc3,rfsim5g-end-ue-14,0.80,77.20
2026-09-26 15:57:49,pc3,rfsim5g-end-ue-15,0.80,57.10
2026-09-26 15:57:49,pc3,rfsim5g-end-ue-16,0.80,61.50
2026-09-26 15:57:54,pc3,rfsim5g-end-ue-17,1.98,101.00
2026-09-26 15:57:54,pc3,rfsim5g-end-ue-9,1.97,78.80
2026-09-26 15:57:54,pc3,rfsim5g-end-ue-10,2.00,70.70
2026-09-26 15:57:54,pc3,rfsim5g-end-ue-11,3.17,40.00
2026-09-26 15:57:54,pc3,rfsim5g-end-ue-12,3.24,58.00
2026-09-26 15:57:54,pc3,rfsim5g-end-ue-13,3.23,49.00
2026-09-26 15:57:54,pc3,rfsim5g-end-ue-14,0.80,57.70
2026-09-26 15:57:54,pc3,rfsim5g-end-ue-15,0.81,67.40
2026-09-26 15:57:54,pc3,rfsim5g-end-ue-16,0.80,92.50
2026-09-26 15:58:00,pc3,rfsim5g-end-ue-17,1.99,68.90
2026-09-26 15:58:00,pc3,rfsim5g-end-ue-9,2.01,65.00
2026-09-26 15:58:00,pc3,rfsim5g-end-ue-10,2.00,43.10
2026-09-26 15:58:00,pc3,rfsim5g-end-ue-11,3.21,42.80
2026-09-26 15:58:00,pc3,rfsim5g-end-ue-12,3.20,74.60
2026-09-26 15:58:00,pc3,rfsim5g-end-ue-13,3.10,36.90
2026-09-26 15:58:00,pc3,rfsim5g-end-ue-14,0.80,42.50
2026-09-26 15:58:00,pc3,rfsim5g-end-ue-15,0.80,62.50
2026-09-26 15:58:00,pc3,rfsim5g-end-ue-16,0.82,37.60
2026-09-26 15:58:06,pc3,rfsim5g-end-ue-17,2.00,52.20
2026-09-26 15:58:06,pc3,rfsim5g-end-ue-9,1.96,53.50
2026-09-26 15:58:06,pc3,rfsim5g-end-ue-10,1.99,74.00
2026-09-26 15:58:06,pc3,rfsim5g-end-ue-11,3.21,71.10
2026-09-26 15:58:06,pc3,rfsim5g-end-ue-12,3.19,44.10
2026-09-26 15:58:06,pc3,rfsim5g-end-ue-13,3.24,76.00
2026-09-26 15:58:06,pc3,rfsim5g-end-ue-14,0.79,53.00
2026-09-26 15:58:06,pc3,rfsim5g-end-ue-15,0.81,48.70
2026-09-26 15:58:06,pc3,rfsim5g-end-ue-16,0.81,29.60
2026-09-26 15:58:11,pc3,rfsim5g-end-ue-17,2.00,64.60
2026-09-26 15:58:11,pc3,rfsim5g-end-ue-9,1.96,46.40
2026-09-26 15:58:11,pc3,rfsim5g-end-ue-10,2.00,71.90
2026-09-26 15:58:11,pc3,rfsim5g-end-ue-11,3.20,77.80
2026-09-26 15:58:11,pc3,rfsim5g-end-ue-12,3.21,48.90
2026-09-26 15:58:11,pc3,rfsim5g-end-ue-13,3.12,95.00
2026-09-26 15:58:11,pc3,rfsim5g-end-ue-14,0.80,39.70
2026-09-26 15:58:11,pc3,rfsim5g-end-ue-15,0.80,59.70
2026-09-26 15:58:11,pc3,rfsim5g-end-ue-16,0.79,66.00
2026-09-26 15:58:17,pc3,rfsim5g-end-ue-17,1.99,87.20
2026-09-26 15:58:17,pc3,rfsim5g-end-ue-9,1.99,72.30
2026-09-26 15:58:17,pc3,rfsim5g-end-ue-10,2.00,63.20
2026-09-26 15:58:17,pc3,rfsim5g-end-ue-11,3.20,46.70
2026-09-26 15:58:17,pc3,rfsim5g-end-ue-12,3.21,65.50
2026-09-26 15:58:17,pc3,rfsim5g-end-ue-13,3.11,43.00
2026-09-26 15:58:17,pc3,rfsim5g-end-ue-14,0.82,67.80
2026-09-26 15:58:17,pc3,rfsim5g-end-ue-15,0.80,63.10
2026-09-26 15:58:17,pc3,rfsim5g-end-ue-16,0.81,50.50
2026-09-26 15:58:22,pc3,rfsim5g-end-ue-17,2.00,57.00
2026-09-26 15:58:22,pc3,rfsim5g-end-ue-9,1.99,35.90
2026-09-26 15:58:22,pc3,rfsim5g-end-ue-10,2.00,41.30
2026-09-26 15:58:22,pc3,rfsim5g-end-ue-11,3.19,65.90
2026-09-26 15:58:22,pc3,rfsim5g-end-ue-12,3.22,79.40
2026-09-26 15:58:22,pc3,rfsim5g-end-ue-13,3.21,36.50
2026-09-26 15:58:22,pc3,rfsim5g-end-ue-14,0.80,27.30
2026-09-26 15:58:22,pc3,rfsim5g-end-ue-15,0.81,45.00
2026-09-26 15:58:22,pc3,rfsim5g-end-ue-16,0.80,52.30
2026-09-26 15:58:28,pc3,rfsim5g-end-ue-17,1.87,204.00
2026-09-26 15:58:28,pc3,rfsim5g-end-ue-9,1.98,216.00
2026-09-26 15:58:28,pc3,rfsim5g-end-ue-10,1.99,63.50
2026-09-26 15:58:28,pc3,rfsim5g-end-ue-11,3.21,68.60
2026-09-26 15:58:28,pc3,rfsim5g-end-ue-12,3.17,32.70
2026-09-26 15:58:28,pc3,rfsim5g-end-ue-13,3.18,81.40
2026-09-26 15:58:28,pc3,rfsim5g-end-ue-14,0.79,70.20
2026-09-26 15:58:28,pc3,rfsim5g-end-ue-15,0.80,75.50
2026-09-26 15:58:28,pc3,rfsim5g-end-ue-16,0.80,68.80
2026-09-26 15:58:33,pc3,rfsim5g-end-ue-17,2.00,129.00
2026-09-26 15:58:33,pc3,rfsim5g-end-ue-9,1.41,
2026-09-26 15:58:33,pc3,rfsim5g-end-ue-10,3.20,33.10
2026-09-26 15:58:33,pc3,rfsim5g-end-ue-11,3.16,38.20
2026-09-26 15:58:33,pc3,rfsim5g-end-ue-12,3.21,56.00
2026-09-26 15:58:33,pc3,rfsim5g-end-ue-13,0.80,67.80
2026-09-26 15:58:33,pc3,rfsim5g-end-ue-14,0.75,72.80
2026-09-26 15:58:33,pc3,rfsim5g-end-ue-15,0.82,60.90
2026-09-26 15:58:33,pc3,rfsim5g-end-ue-16,,83.90
2026-09-26 15:58:40,pc3,rfsim5g-end-ue-17,2.12,89.20
2026-09-26 15:58:40,pc3,rfsim5g-end-ue-9,2.81,42.30
2026-09-26 15:58:40,pc3,rfsim5g-end-ue-10,3.20,47.40
2026-09-26 15:58:40,pc3,rfsim5g-end-ue-11,3.21,46.50
2026-09-26 15:58:40,pc3,rfsim5g-end-ue-12,1.53,
2026-09-26 15:58:40,pc3,rfsim5g-end-ue-13,0.80,38.70
2026-09-26 15:58:40,pc3,rfsim5g-end-ue-14,0.81,66.20
2026-09-26 15:58:40,pc3,rfsim5g-end-ue-15,0.81,45.70
2026-09-26 15:58:40,pc3,rfsim5g-end-ue-16,2.03,40.90
2026-09-26 15:58:46,pc3,rfsim5g-end-ue-17,2.04,94.20
2026-09-26 15:58:46,pc3,rfsim5g-end-ue-9,2.00,131.00
2026-09-26 15:58:46,pc3,rfsim5g-end-ue-10,3.21,51.10
2026-09-26 15:58:46,pc3,rfsim5g-end-ue-11,3.28,42.80
2026-09-26 15:58:46,pc3,rfsim5g-end-ue-12,3.16,98.90
2026-09-26 15:58:46,pc3,rfsim5g-end-ue-13,0.81,75.60
2026-09-26 15:58:46,pc3,rfsim5g-end-ue-14,0.80,43.30
2026-09-26 15:58:46,pc3,rfsim5g-end-ue-15,0.80,38.70
2026-09-26 15:58:46,pc3,rfsim5g-end-ue-16,2.01,69.60
2026-09-26 15:58:52,pc3,rfsim5g-end-ue-17,1.99,93.70
2026-09-26 15:58:52,pc3,rfsim5g-end-ue-9,2.01,66.00
2026-09-26 15:58:52,pc3,rfsim5g-end-ue-10,3.20,37.90
2026-09-26 15:58:52,pc3,rfsim5g-end-ue-11,3.22,40.50
2026-09-26 15:58:52,pc3,rfsim5g-end-ue-12,3.17,45.80
2026-09-26 15:58:52,pc3,rfsim5g-end-ue-13,0.80,56.50
2026-09-26 15:58:52,pc3,rfsim5g-end-ue-14,0.80,74.20
2026-09-26 15:58:52,pc3,rfsim5g-end-ue-15,0.78,74.50
2026-09-26 15:58:52,pc3,rfsim5g-end-ue-16,1.99,69.90
2026-09-26 15:58:58,pc3,rfsim5g-end-ue-17,2.08,95.40
2026-09-26 15:58:58,pc3,rfsim5g-end-ue-9,1.96,95.30
2026-09-26 15:58:58,pc3,rfsim5g-end-ue-10,3.20,72.40
2026-09-26 15:58:58,pc3,rfsim5g-end-ue-11,3.29,65.60
2026-09-26 15:58:58,pc3,rfsim5g-end-ue-12,3.24,80.10
2026-09-26 15:58:58,pc3,rfsim5g-end-ue-13,0.80,40.60
2026-09-26 15:58:58,pc3,rfsim5g-end-ue-14,0.78,61.80
2026-09-26 15:58:58,pc3,rfsim5g-end-ue-15,0.78,40.60
2026-09-26 15:58:58,pc3,rfsim5g-end-ue-16,2.00,67.00
2026-09-26 15:59:03,pc3,rfsim5g-end-ue-17,1.97,115.00
2026-09-26 15:59:03,pc3,rfsim5g-end-ue-9,1.96,87.80
2026-09-26 15:59:03,pc3,rfsim5g-end-ue-10,3.22,70.10
2026-09-26 15:59:03,pc3,rfsim5g-end-ue-11,3.21,72.10
2026-09-26 15:59:03,pc3,rfsim5g-end-ue-12,3.24,98.30
2026-09-26 15:59:03,pc3,rfsim5g-end-ue-13,0.80,67.60
2026-09-26 15:59:03,pc3,rfsim5g-end-ue-14,0.79,94.40
2026-09-26 15:59:03,pc3,rfsim5g-end-ue-15,0.79,36.00
2026-09-26 15:59:03,pc3,rfsim5g-end-ue-16,2.00,70.70
2026-09-26 15:59:08,pc3,rfsim5g-end-ue-17,2.00,98.80
2026-09-26 15:59:08,pc3,rfsim5g-end-ue-9,2.00,93.30
2026-09-26 15:59:08,pc3,rfsim5g-end-ue-10,3.21,40.90
2026-09-26 15:59:08,pc3,rfsim5g-end-ue-11,3.16,126.00
2026-09-26 15:59:08,pc3,rfsim5g-end-ue-12,,395.00
2026-09-26 15:59:08,pc3,rfsim5g-end-ue-13,0.80,65.00
2026-09-26 15:59:08,pc3,rfsim5g-end-ue-14,0.80,96.40
2026-09-26 15:59:08,pc3,rfsim5g-end-ue-15,0.79,72.60
2026-09-26 15:59:08,pc3,rfsim5g-end-ue-16,2.03,76.10
2026-09-26 15:59:14,pc3,rfsim5g-end-ue-17,2.00,79.60
2026-09-26 15:59:14,pc3,rfsim5g-end-ue-9,2.00,59.20
2026-09-26 15:59:14,pc3,rfsim5g-end-ue-10,3.20,64.70
2026-09-26 15:59:14,pc3,rfsim5g-end-ue-11,3.12,84.00
2026-09-26 15:59:14,pc3,rfsim5g-end-ue-12,3.16,110.00
2026-09-26 15:59:14,pc3,rfsim5g-end-ue-13,0.79,34.40
2026-09-26 15:59:14,pc3,rfsim5g-end-ue-14,0.79,62.00
2026-09-26 15:59:14,pc3,rfsim5g-end-ue-15,0.82,62.20
2026-09-26 15:59:14,pc3,rfsim5g-end-ue-16,2.02,83.30
2026-09-26 15:59:20,pc3,rfsim5g-end-ue-17,2.00,54.60
2026-09-26 15:59:20,pc3,rfsim5g-end-ue-9,2.06,46.80
2026-09-26 15:59:20,pc3,rfsim5g-end-ue-10,3.20,68.80
2026-09-26 15:59:20,pc3,rfsim5g-end-ue-11,3.26,50.20
2026-09-26 15:59:20,pc3,rfsim5g-end-ue-12,3.18,83.10
2026-09-26 15:59:20,pc3,rfsim5g-end-ue-13,0.79,40.40
2026-09-26 15:59:20,pc3,rfsim5g-end-ue-14,0.82,33.50
2026-09-26 15:59:20,pc3,rfsim5g-end-ue-15,0.80,54.70
2026-09-26 15:59:20,pc3,rfsim5g-end-ue-16,1.99,54.60
2026-09-26 15:59:25,pc3,rfsim5g-end-ue-17,2.01,103.00
2026-09-26 15:59:25,pc3,rfsim5g-end-ue-9,2.02,70.90
2026-09-26 15:59:25,pc3,rfsim5g-end-ue-10,3.21,57.40
2026-09-26 15:59:25,pc3,rfsim5g-end-ue-11,3.22,79.00
2026-09-26 15:59:25,pc3,rfsim5g-end-ue-12,3.21,45.90
2026-09-26 15:59:25,pc3,rfsim5g-end-ue-13,0.80,51.00
2026-09-26 15:59:25,pc3,rfsim5g-end-ue-14,0.83,73.80
2026-09-26 15:59:25,pc3,rfsim5g-end-ue-15,0.80,51.60
2026-09-26 15:59:25,pc3,rfsim5g-end-ue-16,1.99,49.10
2026-09-26 15:59:30,pc3,rfsim5g-end-ue-17,2.02,105.00
2026-09-26 15:59:30,pc3,rfsim5g-end-ue-9,1.95,43.40
2026-09-26 15:59:30,pc3,rfsim5g-end-ue-10,3.20,68.50
2026-09-26 15:59:30,pc3,rfsim5g-end-ue-11,3.23,39.40
2026-09-26 15:59:30,pc3,rfsim5g-end-ue-12,3.13,43.20
2026-09-26 15:59:30,pc3,rfsim5g-end-ue-13,0.81,39.70
2026-09-26 15:59:30,pc3,rfsim5g-end-ue-14,0.81,59.60
2026-09-26 15:59:30,pc3,rfsim5g-end-ue-15,0.80,92.70
2026-09-26 15:59:30,pc3,rfsim5g-end-ue-16,1.99,64.00
2026-09-26 15:59:36,pc3,rfsim5g-end-ue-17,2.02,136.00
2026-09-26 15:59:36,pc3,rfsim5g-end-ue-9,2.03,70.30
2026-09-26 15:59:36,pc3,rfsim5g-end-ue-10,3.20,65.60
2026-09-26 15:59:36,pc3,rfsim5g-end-ue-11,3.25,61.10
2026-09-26 15:59:36,pc3,rfsim5g-end-ue-12,3.18,69.90
2026-09-26 15:59:36,pc3,rfsim5g-end-ue-13,0.80,81.00
2026-09-26 15:59:36,pc3,rfsim5g-end-ue-14,0.80,34.40
2026-09-26 15:59:36,pc3,rfsim5g-end-ue-15,0.80,39.90
2026-09-26 15:59:36,pc3,rfsim5g-end-ue-16,2.00,78.20
2026-09-26 15:59:41,pc3,rfsim5g-end-ue-17,2.01,137.00
2026-09-26 15:59:41,pc3,rfsim5g-end-ue-9,1.99,101.00
2026-09-26 15:59:41,pc3,rfsim5g-end-ue-10,3.20,74.50
2026-09-26 15:59:41,pc3,rfsim5g-end-ue-11,3.27,77.10
2026-09-26 15:59:41,pc3,rfsim5g-end-ue-12,3.21,78.10
2026-09-26 15:59:41,pc3,rfsim5g-end-ue-13,0.81,73.30
2026-09-26 15:59:41,pc3,rfsim5g-end-ue-14,0.80,37.90
2026-09-26 15:59:41,pc3,rfsim5g-end-ue-15,0.79,77.00
2026-09-26 15:59:41,pc3,rfsim5g-end-ue-16,1.98,33.00
2026-09-26 15:59:47,pc3,rfsim5g-end-ue-17,1.99,78.40
2026-09-26 15:59:47,pc3,rfsim5g-end-ue-9,2.05,26.50
2026-09-26 15:59:47,pc3,rfsim5g-end-ue-10,3.21,26.90
2026-09-26 15:59:47,pc3,rfsim5g-end-ue-11,3.23,47.20
2026-09-26 15:59:47,pc3,rfsim5g-end-ue-12,3.17,72.00
2026-09-26 15:59:47,pc3,rfsim5g-end-ue-13,0.80,46.40
2026-09-26 15:59:47,pc3,rfsim5g-end-ue-14,0.78,57.90
2026-09-26 15:59:47,pc3,rfsim5g-end-ue-15,0.80,41.30
2026-09-26 15:59:47,pc3,rfsim5g-end-ue-16,2.00,51.40
2026-09-26 15:59:52,pc3,rfsim5g-end-ue-17,1.99,107.00
2026-09-26 15:59:52,pc3,rfsim5g-end-ue-9,1.99,63.50
2026-09-26 15:59:52,pc3,rfsim5g-end-ue-10,3.18,68.20
2026-09-26 15:59:52,pc3,rfsim5g-end-ue-11,3.13,69.40
2026-09-26 15:59:52,pc3,rfsim5g-end-ue-12,3.28,87.60
2026-09-26 15:59:52,pc3,rfsim5g-end-ue-13,0.80,52.40
2026-09-26 15:59:52,pc3,rfsim5g-end-ue-14,0.81,75.40
2026-09-26 15:59:52,pc3,rfsim5g-end-ue-15,0.80,36.00
2026-09-26 15:59:52,pc3,rfsim5g-end-ue-16,1.96,79.30
2026-09-26 15:59:58,pc3,rfsim5g-end-ue-17,1.97,103.00
2026-09-26 15:59:58,pc3,rfsim5g-end-ue-9,1.97,65.80
2026-09-26 15:59:58,pc3,rfsim5g-end-ue-10,3.21,33.40
2026-09-26 15:59:58,pc3,rfsim5g-end-ue-11,3.22,46.10
2026-09-26 15:59:58,pc3,rfsim5g-end-ue-12,3.20,80.70
2026-09-26 15:59:58,pc3,rfsim5g-end-ue-13,0.79,42.40
2026-09-26 15:59:58,pc3,rfsim5g-end-ue-14,0.79,39.20
2026-09-26 15:59:58,pc3,rfsim5g-end-ue-15,0.80,38.50
2026-09-26 15:59:58,pc3,rfsim5g-end-ue-16,2.01,76.90
2026-09-26 16:00:03,pc3,rfsim5g-end-ue-17,1.97,109.00
2026-09-26 16:00:03,pc3,rfsim5g-end-ue-9,1.99,42.10
2026-09-26 16:00:03,pc3,rfsim5g-end-ue-10,3.20,74.20
2026-09-26 16:00:03,pc3,rfsim5g-end-ue-11,3.17,77.60
2026-09-26 16:00:03,pc3,rfsim5g-end-ue-12,3.19,45.10
2026-09-26 16:00:03,pc3,rfsim5g-end-ue-13,0.80,35.90
2026-09-26 16:00:03,pc3,rfsim5g-end-ue-14,0.78,75.70
2026-09-26 16:00:03,pc3,rfsim5g-end-ue-15,0.80,78.40
2026-09-26 16:00:03,pc3,rfsim5g-end-ue-16,1.99,36.40
2026-09-26 16:00:09,pc3,rfsim5g-end-ue-17,1.99,131.00
2026-09-26 16:00:09,pc3,rfsim5g-end-ue-9,2.00,64.10
2026-09-26 16:00:09,pc3,rfsim5g-end-ue-10,3.21,42.50
2026-09-26 16:00:09,pc3,rfsim5g-end-ue-11,3.22,99.10
2026-09-26 16:00:09,pc3,rfsim5g-end-ue-12,3.17,86.10
2026-09-26 16:00:09,pc3,rfsim5g-end-ue-13,0.80,73.80
2026-09-26 16:00:09,pc3,rfsim5g-end-ue-14,0.80,64.50
2026-09-26 16:00:09,pc3,rfsim5g-end-ue-15,0.79,88.80
2026-09-26 16:00:09,pc3,rfsim5g-end-ue-16,2.03,75.00
2026-09-26 16:00:15,pc3,rfsim5g-end-ue-17,1.98,97.50
2026-09-26 16:00:15,pc3,rfsim5g-end-ue-9,2.01,82.70
2026-09-26 16:00:15,pc3,rfsim5g-end-ue-10,3.20,47.90
2026-09-26 16:00:15,pc3,rfsim5g-end-ue-11,3.16,99.00
2026-09-26 16:00:15,pc3,rfsim5g-end-ue-12,3.14,85.90
2026-09-26 16:00:15,pc3,rfsim5g-end-ue-13,0.80,67.80
2026-09-26 16:00:15,pc3,rfsim5g-end-ue-14,0.80,39.10
2026-09-26 16:00:15,pc3,rfsim5g-end-ue-15,0.79,77.30
2026-09-26 16:00:15,pc3,rfsim5g-end-ue-16,2.02,48.60
2026-09-26 16:00:20,pc3,rfsim5g-end-ue-17,1.95,157.00
2026-09-26 16:00:20,pc3,rfsim5g-end-ue-9,2.03,38.00
2026-09-26 16:00:20,pc3,rfsim5g-end-ue-10,3.23,35.50
2026-09-26 16:00:20,pc3,rfsim5g-end-ue-11,3.20,100.00
2026-09-26 16:00:20,pc3,rfsim5g-end-ue-12,3.21,42.10
2026-09-26 16:00:20,pc3,rfsim5g-end-ue-13,0.78,55.80
2026-09-26 16:00:20,pc3,rfsim5g-end-ue-14,0.79,75.60
2026-09-26 16:00:20,pc3,rfsim5g-end-ue-15,0.80,67.40
2026-09-26 16:00:20,pc3,rfsim5g-end-ue-16,2.00,65.80
2026-09-26 16:00:26,pc3,rfsim5g-end-ue-17,1.99,95.80
2026-09-26 16:00:26,pc3,rfsim5g-end-ue-9,1.98,71.70
2026-09-26 16:00:26,pc3,rfsim5g-end-ue-10,3.18,66.60
2026-09-26 16:00:26,pc3,rfsim5g-end-ue-11,3.17,57.40
2026-09-26 16:00:26,pc3,rfsim5g-end-ue-12,3.19,84.60
2026-09-26 16:00:26,pc3,rfsim5g-end-ue-13,0.79,65.80
2026-09-26 16:00:26,pc3,rfsim5g-end-ue-14,0.80,75.80
2026-09-26 16:00:26,pc3,rfsim5g-end-ue-15,0.79,86.40
2026-09-26 16:00:26,pc3,rfsim5g-end-ue-16,2.00,57.70
2026-09-26 16:00:31,pc3,rfsim5g-end-ue-17,1.99,95.50
2026-09-26 16:00:31,pc3,rfsim5g-end-ue-9,2.03,47.80
2026-09-26 16:00:31,pc3,rfsim5g-end-ue-10,3.17,50.90
2026-09-26 16:00:31,pc3,rfsim5g-end-ue-11,3.15,40.10
2026-09-26 16:00:31,pc3,rfsim5g-end-ue-12,3.17,84.70
2026-09-26 16:00:31,pc3,rfsim5g-end-ue-13,0.80,43.60
2026-09-26 16:00:31,pc3,rfsim5g-end-ue-14,0.80,38.10
2026-09-26 16:00:31,pc3,rfsim5g-end-ue-15,0.79,73.40
2026-09-26 16:00:31,pc3,rfsim5g-end-ue-16,1.99,67.30
2026-09-26 16:00:37,pc3,rfsim5g-end-ue-17,2.04,82.00
2026-09-26 16:00:37,pc3,rfsim5g-end-ue-9,2.00,45.00
2026-09-26 16:00:37,pc3,rfsim5g-end-ue-10,3.21,66.50
2026-09-26 16:00:37,pc3,rfsim5g-end-ue-11,3.19,58.10
2026-09-26 16:00:37,pc3,rfsim5g-end-ue-12,3.19,60.50
2026-09-26 16:00:37,pc3,rfsim5g-end-ue-13,0.80,66.80
2026-09-26 16:00:37,pc3,rfsim5g-end-ue-14,0.81,86.50
2026-09-26 16:00:37,pc3,rfsim5g-end-ue-15,0.79,43.20
2026-09-26 16:00:37,pc3,rfsim5g-end-ue-16,2.00,75.90
2026-09-26 16:00:42,pc3,rfsim5g-end-ue-17,2.03,148.00
2026-09-26 16:00:42,pc3,rfsim5g-end-ue-9,2.00,47.30
2026-09-26 16:00:42,pc3,rfsim5g-end-ue-10,3.17,39.00
2026-09-26 16:00:42,pc3,rfsim5g-end-ue-11,3.17,60.60
2026-09-26 16:00:42,pc3,rfsim5g-end-ue-12,3.10,74.30
2026-09-26 16:00:42,pc3,rfsim5g-end-ue-13,0.81,72.50
2026-09-26 16:00:42,pc3,rfsim5g-end-ue-14,0.78,70.20
2026-09-26 16:00:42,pc3,rfsim5g-end-ue-15,0.80,82.50
2026-09-26 16:00:42,pc3,rfsim5g-end-ue-16,2.01,74.90
2026-09-26 16:00:48,pc3,rfsim5g-end-ue-17,2.08,224.00
2026-09-26 16:00:48,pc3,rfsim5g-end-ue-9,3.19,81.40
2026-09-26 16:00:48,pc3,rfsim5g-end-ue-10,3.19,43.90
2026-09-26 16:00:48,pc3,rfsim5g-end-ue-11,3.21,49.80
2026-09-26 16:00:48,pc3,rfsim5g-end-ue-12,,72.80
2026-09-26 16:00:48,pc3,rfsim5g-end-ue-13,0.81,90.40
2026-09-26 16:00:48,pc3,rfsim5g-end-ue-14,0.78,84.50
2026-09-26 16:00:48,pc3,rfsim5g-end-ue-15,0.79,92.00
2026-09-26 16:00:48,pc3,rfsim5g-end-ue-16,2.00,65.10
2026-09-26 16:00:53,pc3,rfsim5g-end-ue-17,1.19,
2026-09-26 16:00:53,pc3,rfsim5g-end-ue-9,3.18,48.60
2026-09-26 16:00:53,pc3,rfsim5g-end-ue-10,3.21,57.60
2026-09-26 16:00:53,pc3,rfsim5g-end-ue-11,1.45,
2026-09-26 16:00:53,pc3,rfsim5g-end-ue-12,0.79,34.60
2026-09-26 16:00:53,pc3,rfsim5g-end-ue-13,0.80,75.90
2026-09-26 16:00:53,pc3,rfsim5g-end-ue-14,0.81,35.50
2026-09-26 16:00:53,pc3,rfsim5g-end-ue-15,2.00,48.40
2026-09-26 16:00:53,pc3,rfsim5g-end-ue-16,2.00,77.10
2026-09-26 16:01:00,pc3,rfsim5g-end-ue-17,0.52,
2026-09-26 16:01:00,pc3,rfsim5g-end-ue-9,3.20,32.10
2026-09-26 16:01:00,pc3,rfsim5g-end-ue-10,3.18,46.10
2026-09-26 16:01:00,pc3,rfsim5g-end-ue-11,3.30,80.20
2026-09-26 16:01:00,pc3,rfsim5g-end-ue-12,0.81,49.00
2026-09-26 16:01:00,pc3,rfsim5g-end-ue-13,0.80,48.80
2026-09-26 16:01:00,pc3,rfsim5g-end-ue-14,0.78,47.50
2026-09-26 16:01:00,pc3,rfsim5g-end-ue-15,2.00,34.90
2026-09-26 16:01:00,pc3,rfsim5g-end-ue-16,2.00,59.30
2026-09-26 16:01:06,pc3,rfsim5g-end-ue-17,1.15,
2026-09-26 16:01:06,pc3,rfsim5g-end-ue-9,3.19,80.40
2026-09-26 16:01:06,pc3,rfsim5g-end-ue-10,3.21,85.20
2026-09-26 16:01:06,pc3,rfsim5g-end-ue-11,3.21,88.00
2026-09-26 16:01:06,pc3,rfsim5g-end-ue-12,0.79,60.40
2026-09-26 16:01:06,pc3,rfsim5g-end-ue-13,0.81,45.30
2026-09-26 16:01:06,pc3,rfsim5g-end-ue-14,0.80,52.10
2026-09-26 16:01:06,pc3,rfsim5g-end-ue-15,1.98,87.50
2026-09-26 16:01:06,pc3,rfsim5g-end-ue-16,1.95,79.40
2026-09-26 16:01:12,pc3,rfsim5g-end-ue-17,2.01,
2026-09-26 16:01:12,pc3,rfsim5g-end-ue-9,3.19,50.00
2026-09-26 16:01:12,pc3,rfsim5g-end-ue-10,3.21,70.60
2026-09-26 16:01:12,pc3,rfsim5g-end-ue-11,3.22,74.80
2026-09-26 16:01:12,pc3,rfsim5g-end-ue-12,0.80,57.40
2026-09-26 16:01:12,pc3,rfsim5g-end-ue-13,0.80,62.80
2026-09-26 16:01:12,pc3,rfsim5g-end-ue-14,0.80,32.70
2026-09-26 16:01:12,pc3,rfsim5g-end-ue-15,1.99,87.10
2026-09-26 16:01:12,pc3,rfsim5g-end-ue-16,1.99,74.70
2026-09-26 16:01:19,pc3,rfsim5g-end-ue-17,2.76,136.00
2026-09-26 16:01:19,pc3,rfsim5g-end-ue-9,3.19,43.30
2026-09-26 16:01:19,pc3,rfsim5g-end-ue-10,3.19,64.30
2026-09-26 16:01:19,pc3,rfsim5g-end-ue-11,3.12,91.10
2026-09-26 16:01:19,pc3,rfsim5g-end-ue-12,0.81,48.90
2026-09-26 16:01:19,pc3,rfsim5g-end-ue-13,0.80,74.80
2026-09-26 16:01:19,pc3,rfsim5g-end-ue-14,0.81,86.10
2026-09-26 16:01:19,pc3,rfsim5g-end-ue-15,2.02,52.30
2026-09-26 16:01:19,pc3,rfsim5g-end-ue-16,2.03,73.20
2026-09-26 16:01:24,pc3,rfsim5g-end-ue-17,1.87,132.00
2026-09-26 16:01:24,pc3,rfsim5g-end-ue-9,3.18,70.10
2026-09-26 16:01:24,pc3,rfsim5g-end-ue-10,3.18,73.30
2026-09-26 16:01:24,pc3,rfsim5g-end-ue-11,,58.80
2026-09-26 16:01:24,pc3,rfsim5g-end-ue-12,0.80,41.40
2026-09-26 16:01:24,pc3,rfsim5g-end-ue-13,0.80,81.40
2026-09-26 16:01:24,pc3,rfsim5g-end-ue-14,0.81,79.50
2026-09-26 16:01:24,pc3,rfsim5g-end-ue-15,2.00,43.80
2026-09-26 16:01:24,pc3,rfsim5g-end-ue-16,1.98,49.30
2026-09-26 16:01:29,pc3,rfsim5g-end-ue-17,1.90,335.00
2026-09-26 16:01:29,pc3,rfsim5g-end-ue-9,3.21,49.90
2026-09-26 16:01:29,pc3,rfsim5g-end-ue-10,3.18,70.80
2026-09-26 16:01:29,pc3,rfsim5g-end-ue-11,3.21,75.70
2026-09-26 16:01:29,pc3,rfsim5g-end-ue-12,0.81,39.30
2026-09-26 16:01:29,pc3,rfsim5g-end-ue-13,0.79,46.50
2026-09-26 16:01:29,pc3,rfsim5g-end-ue-14,0.79,53.50
2026-09-26 16:01:29,pc3,rfsim5g-end-ue-15,1.97,40.20
2026-09-26 16:01:29,pc3,rfsim5g-end-ue-16,2.06,39.90
2026-09-26 16:01:35,pc3,rfsim5g-end-ue-17,2.00,160.00
2026-09-26 16:01:35,pc3,rfsim5g-end-ue-9,3.20,37.80
2026-09-26 16:01:35,pc3,rfsim5g-end-ue-10,3.16,88.60
2026-09-26 16:01:35,pc3,rfsim5g-end-ue-11,3.34,61.20
2026-09-26 16:01:35,pc3,rfsim5g-end-ue-12,0.80,68.90
2026-09-26 16:01:35,pc3,rfsim5g-end-ue-13,0.79,67.80
2026-09-26 16:01:35,pc3,rfsim5g-end-ue-14,0.79,57.90
2026-09-26 16:01:35,pc3,rfsim5g-end-ue-15,1.99,39.00
2026-09-26 16:01:35,pc3,rfsim5g-end-ue-16,2.08,82.10
2026-09-26 16:01:40,pc3,rfsim5g-end-ue-17,1.99,210.00
2026-09-26 16:01:40,pc3,rfsim5g-end-ue-9,3.19,71.70
2026-09-26 16:01:40,pc3,rfsim5g-end-ue-10,3.20,78.00
2026-09-26 16:01:40,pc3,rfsim5g-end-ue-11,3.19,46.10
2026-09-26 16:01:40,pc3,rfsim5g-end-ue-12,0.80,53.10
2026-09-26 16:01:40,pc3,rfsim5g-end-ue-13,0.80,78.60
2026-09-26 16:01:40,pc3,rfsim5g-end-ue-14,0.80,68.40
2026-09-26 16:01:40,pc3,rfsim5g-end-ue-15,1.98,42.00
2026-09-26 16:01:40,pc3,rfsim5g-end-ue-16,2.00,79.80
2026-09-26 16:01:46,pc3,rfsim5g-end-ue-17,2.00,82.30
2026-09-26 16:01:46,pc3,rfsim5g-end-ue-9,3.15,83.80
2026-09-26 16:01:46,pc3,rfsim5g-end-ue-10,3.28,71.70
2026-09-26 16:01:46,pc3,rfsim5g-end-ue-11,3.11,69.10
2026-09-26 16:01:46,pc3,rfsim5g-end-ue-12,0.80,57.30
2026-09-26 16:01:46,pc3,rfsim5g-end-ue-13,0.81,95.40
2026-09-26 16:01:46,pc3,rfsim5g-end-ue-14,0.79,38.40
2026-09-26 16:01:46,pc3,rfsim5g-end-ue-15,1.99,72.00
2026-09-26 16:01:46,pc3,rfsim5g-end-ue-16,2.06,43.30
2026-09-26 16:01:51,pc3,rfsim5g-end-ue-17,2.00,121.00
2026-09-26 16:01:51,pc3,rfsim5g-end-ue-9,3.22,63.60
2026-09-26 16:01:51,pc3,rfsim5g-end-ue-10,3.20,65.40
2026-09-26 16:01:51,pc3,rfsim5g-end-ue-11,3.27,63.20
2026-09-26 16:01:51,pc3,rfsim5g-end-ue-12,0.81,68.50
2026-09-26 16:01:51,pc3,rfsim5g-end-ue-13,0.81,38.60
2026-09-26 16:01:51,pc3,rfsim5g-end-ue-14,0.83,62.40
2026-09-26 16:01:51,pc3,rfsim5g-end-ue-15,2.00,74.80
2026-09-26 16:01:51,pc3,rfsim5g-end-ue-16,1.99,53.70
2026-09-26 16:01:57,pc3,rfsim5g-end-ue-17,2.01,89.40
2026-09-26 16:01:57,pc3,rfsim5g-end-ue-9,3.20,48.70
2026-09-26 16:01:57,pc3,rfsim5g-end-ue-10,3.20,43.60
2026-09-26 16:01:57,pc3,rfsim5g-end-ue-11,3.22,35.70
2026-09-26 16:01:57,pc3,rfsim5g-end-ue-12,0.81,60.70
2026-09-26 16:01:57,pc3,rfsim5g-end-ue-13,0.80,90.10
2026-09-26 16:01:57,pc3,rfsim5g-end-ue-14,0.81,42.60
2026-09-26 16:01:57,pc3,rfsim5g-end-ue-15,2.01,52.90
2026-09-26 16:01:57,pc3,rfsim5g-end-ue-16,2.00,75.20
2026-09-26 16:02:02,pc3,rfsim5g-end-ue-17,2.01,83.30
2026-09-26 16:02:02,pc3,rfsim5g-end-ue-9,3.19,77.40
2026-09-26 16:02:02,pc3,rfsim5g-end-ue-10,3.15,52.10
2026-09-26 16:02:02,pc3,rfsim5g-end-ue-11,3.13,42.70
2026-09-26 16:02:02,pc3,rfsim5g-end-ue-12,0.80,72.40
2026-09-26 16:02:02,pc3,rfsim5g-end-ue-13,0.79,46.10
2026-09-26 16:02:02,pc3,rfsim5g-end-ue-14,0.80,61.20
2026-09-26 16:02:02,pc3,rfsim5g-end-ue-15,1.99,70.40
2026-09-26 16:02:02,pc3,rfsim5g-end-ue-16,1.92,89.20
2026-09-26 16:02:08,pc3,rfsim5g-end-ue-17,2.09,91.70
2026-09-26 16:02:08,pc3,rfsim5g-end-ue-9,3.21,39.20
2026-09-26 16:02:08,pc3,rfsim5g-end-ue-10,3.19,35.60
2026-09-26 16:02:08,pc3,rfsim5g-end-ue-11,3.18,81.00
2026-09-26 16:02:08,pc3,rfsim5g-end-ue-12,0.80,39.00
2026-09-26 16:02:08,pc3,rfsim5g-end-ue-13,0.81,75.10
2026-09-26 16:02:08,pc3,rfsim5g-end-ue-14,0.80,63.20
2026-09-26 16:02:08,pc3,rfsim5g-end-ue-15,2.00,59.00
2026-09-26 16:02:08,pc3,rfsim5g-end-ue-16,2.03,59.60
2026-09-26 16:02:13,pc3,rfsim5g-end-ue-17,2.01,72.90
2026-09-26 16:02:13,pc3,rfsim5g-end-ue-9,3.17,39.50
2026-09-26 16:02:13,pc3,rfsim5g-end-ue-10,3.18,44.20
2026-09-26 16:02:13,pc3,rfsim5g-end-ue-11,3.21,53.60
2026-09-26 16:02:13,pc3,rfsim5g-end-ue-12,0.80,70.70
2026-09-26 16:02:13,pc3,rfsim5g-end-ue-13,0.79,73.30
2026-09-26 16:02:13,pc3,rfsim5g-end-ue-14,0.80,48.20
2026-09-26 16:02:13,pc3,rfsim5g-end-ue-15,2.00,40.60
2026-09-26 16:02:13,pc3,rfsim5g-end-ue-16,1.98,55.10
2026-09-26 16:02:19,pc3,rfsim5g-end-ue-17,2.09,72.60
2026-09-26 16:02:19,pc3,rfsim5g-end-ue-9,3.19,67.80
2026-09-26 16:02:19,pc3,rfsim5g-end-ue-10,3.19,78.10
2026-09-26 16:02:19,pc3,rfsim5g-end-ue-11,3.21,74.50
2026-09-26 16:02:19,pc3,rfsim5g-end-ue-12,0.81,35.40
2026-09-26 16:02:19,pc3,rfsim5g-end-ue-13,0.80,39.60
2026-09-26 16:02:19,pc3,rfsim5g-end-ue-14,0.78,39.40
2026-09-26 16:02:19,pc3,rfsim5g-end-ue-15,1.98,70.70
2026-09-26 16:02:19,pc3,rfsim5g-end-ue-16,2.06,90.80
2026-09-26 16:02:24,pc3,rfsim5g-end-ue-17,2.15,127.00
2026-09-26 16:02:24,pc3,rfsim5g-end-ue-9,3.22,73.70
2026-09-26 16:02:24,pc3,rfsim5g-end-ue-10,3.16,90.90
2026-09-26 16:02:24,pc3,rfsim5g-end-ue-11,3.21,55.80
2026-09-26 16:02:24,pc3,rfsim5g-end-ue-12,0.80,75.60
2026-09-26 16:02:24,pc3,rfsim5g-end-ue-13,0.78,52.50
2026-09-26 16:02:24,pc3,rfsim5g-end-ue-14,0.81,31.30
2026-09-26 16:02:24,pc3,rfsim5g-end-ue-15,2.02,48.60
2026-09-26 16:02:24,pc3,rfsim5g-end-ue-16,1.99,87.10
2026-09-26 16:02:30,pc3,rfsim5g-end-ue-17,1.69,129.00
2026-09-26 16:02:30,pc3,rfsim5g-end-ue-9,3.19,59.60
2026-09-26 16:02:30,pc3,rfsim5g-end-ue-10,3.12,84.60
2026-09-26 16:02:30,pc3,rfsim5g-end-ue-11,3.25,66.40
2026-09-26 16:02:30,pc3,rfsim5g-end-ue-12,0.80,68.70
2026-09-26 16:02:30,pc3,rfsim5g-end-ue-13,0.79,51.40
2026-09-26 16:02:30,pc3,rfsim5g-end-ue-14,0.80,82.90
2026-09-26 16:02:30,pc3,rfsim5g-end-ue-15,2.01,78.30
2026-09-26 16:02:30,pc3,rfsim5g-end-ue-16,1.98,74.90
2026-09-26 16:02:35,pc3,rfsim5g-end-ue-17,1.95,183.00
2026-09-26 16:02:35,pc3,rfsim5g-end-ue-9,3.23,34.80
2026-09-26 16:02:35,pc3,rfsim5g-end-ue-10,3.21,42.50
2026-09-26 16:02:35,pc3,rfsim5g-end-ue-11,3.20,44.50
2026-09-26 16:02:35,pc3,rfsim5g-end-ue-12,0.80,51.40
2026-09-26 16:02:35,pc3,rfsim5g-end-ue-13,0.80,84.60
2026-09-26 16:02:35,pc3,rfsim5g-end-ue-14,0.80,53.20
2026-09-26 16:02:35,pc3,rfsim5g-end-ue-15,1.98,81.60
2026-09-26 16:02:35,pc3,rfsim5g-end-ue-16,2.00,75.30
